dnn	dnn
predicted	true
0.40744826197624207	0.6187613961335975
0.7280081510543823	0.6909644004321678
0.9340339303016663	0.4848701079689549
0.5509511828422546	0.9778355940002912
0.5781684517860413	0.8949538179229026
0.5235406756401062	0.033727267930420315
0.3305620849132538	0.3330970293072946
0.6811529397964478	0.3010164438191446
0.6391841769218445	0.8561381614616371
0.840030312538147	0.9905579629573796
0.5231921672821045	0.13437486257795872
0.5560182332992554	0.8060278067321398
0.7194804549217224	0.4627984972397066
0.6322527527809143	0.8856247519438142
0.5793415904045105	0.4036370151948284
0.7222979664802551	0.9991045022795642
0.31322795152664185	0.006123820360329995
0.5621755123138428	0.4543142670026234
0.7513275742530823	0.4088679380817693
0.4667389690876007	0.6602329524143561
0.45117780566215515	0.4682060022103658
0.35720089077949524	0.07968337564784081
0.47715115547180176	0.034090709652276424
1.0383727550506592	0.9997580725237653
0.20935067534446716	0.1313232902480497
0.4762003719806671	0.9629929666397524
0.6228579878807068	0.5416379401239612
0.5470638275146484	0.16661720045985656
0.7987842559814453	0.5026723705068055
0.47618168592453003	0.5274020244570028
0.2968765199184418	0.06998613546308527
0.6914705038070679	0.9995067102028542
0.7482659816741943	0.954546348052866
0.4795949161052704	0.14647486469800475
0.5510621666908264	0.1494612281579142
0.693953812122345	0.8441533595833519
0.4745504558086395	0.3367735636050761
0.46399542689323425	0.05039324417593825
1.0249496698379517	0.9621351745712446
0.6512113809585571	0.6747987768236682
0.6181395649909973	0.4060963419575474
0.6947828531265259	0.21625436582252425
0.7482436299324036	0.8649189980577641
0.5065139532089233	0.7201477380916009
0.22767142951488495	0.08206070776492606
0.41292113065719604	0.3391506517036811
0.42392727732658386	0.8577504587754627
0.7113118767738342	0.6262886523202387
0.7542769312858582	0.729773651486687
0.5169839859008789	0.18529163438697588
0.3692622482776642	0.7717541835182848
0.5281594395637512	0.7610054762777687
0.7749422192573547	0.31642980377072016
0.4001215994358063	0.5921201788197586
0.6375089287757874	0.7184771547716039
0.46315082907676697	0.5837643593336291
0.5437363982200623	0.4363534261743288
0.46500393748283386	0.06233035378919875
0.6613284945487976	0.7956765991228899
0.5993144512176514	0.39655631259599133
0.533469021320343	0.21547083133170974
0.4894089102745056	0.3253724460668008
0.6795403361320496	0.059255382769632776
0.348209023475647	0.0838575404096584
0.5377996563911438	0.4738739063684685
0.2165435552597046	0.001595422774772712
0.45869681239128113	0.4814394182706588
0.6772890090942383	0.2520068325672319
0.42863723635673523	0.7868524349636088
0.7460428476333618	0.8235510141609268
0.6734849214553833	0.24467979522063366
0.2508012652397156	0.699186306978925
0.4066140055656433	0.003754088375691665
0.6250978708267212	0.2462326783917564
0.6268748641014099	0.8402700521621063
0.5692567825317383	0.926776890656645
0.7355347275733948	0.9661555670633506
0.31536170840263367	0.3424326318522216
0.6639701128005981	0.21443966421383304
0.5245168805122375	0.8753627183954392
0.14359593391418457	0.01575093424511711
0.5121433734893799	0.8872970085810628
0.7966004610061646	0.9136954903377272
0.6155678629875183	0.7991318187385955
0.41679978370666504	0.5430575580447908
0.5281322002410889	0.8483777341471979
0.29152342677116394	0.028375321695981587
0.2362062633037567	0.042302894712287306
0.4039668142795563	0.14862580671162562
0.7016686797142029	0.8068747292623161
0.4431270956993103	0.05429170543477055
0.6424954533576965	0.9648363154369038
0.4123767018318176	0.03795345980620519
0.7025738954544067	0.9982777048234734
0.5081830620765686	0.9940787323908674
0.5852213501930237	0.22524903785303416
0.6871355175971985	0.9471975883333358
0.4919837415218353	0.5789110018390891
0.5599128603935242	0.45643096790587
0.7062424421310425	0.22591951869619706
0.6263781785964966	0.9287304734088888
0.6626786589622498	0.5365619185687162
0.6468673944473267	0.3740505799450281
0.6403740048408508	0.3505701844317536
0.636281430721283	0.3980695141193023
0.697399377822876	0.5454181400768067
0.4055359959602356	0.16292747684865164
1.0356106758117676	0.7041684897992949
0.7897450923919678	0.6800117250303528
0.7991757988929749	0.4013464426086005
0.6033308506011963	0.8796763642916539
0.592293918132782	0.8403897819333589
0.5165672898292542	0.9994871411085356
0.5306988954544067	0.61570929074783
0.6188249588012695	0.533069276145695
0.6907687783241272	0.9824426590430176
0.4607359766960144	0.3738376540371908
0.5990794897079468	0.8720755880620865
0.5258500576019287	0.9838494453679169
0.8096256256103516	0.8990913423099032
0.3973417282104492	0.4660802346370539
0.5032291412353516	0.0067411014609832405
0.46153005957603455	0.6525818491043239
0.6026365756988525	0.5133259899672694
0.36294034123420715	0.05919268307529925
0.536486804485321	0.9935417608566174
0.5361546874046326	0.6663069134761316
0.2977161407470703	0.09715299362133968
0.7883046865463257	0.955153560770672
0.6417609453201294	0.1980535469508497
0.662899374961853	0.7502244036397961
0.6076272130012512	0.8639454846390784
0.6268016695976257	0.5620093617645568
0.8872097134590149	0.9312874417853358
0.7140312194824219	0.814566709121258
0.72776198387146	0.9839204106473952
0.79700767993927	0.8460778768042209
0.35622110962867737	0.14526203337274762
0.7114729881286621	0.9044249219974134
0.3191455006599426	0.6228682013203014
0.6511716246604919	0.6448277836841456
0.6054188013076782	0.9810741546261568
0.7548795938491821	0.7387795427336377
0.5481409430503845	0.02118684997449324
0.8426185250282288	0.9974333069715664
0.46004799008369446	0.01666494390827016
0.5668140053749084	0.9623019668778974
0.6385912299156189	0.3639342957728357
0.3802753984928131	0.1574478651872485
0.6260008215904236	0.40531036445944457
0.6259787678718567	0.7394418977130104
0.5120836496353149	0.5337208448052838
0.47500473260879517	0.10773759675829717
0.540203869342804	0.1195560821456578
0.62891685962677	0.2399322503725564
0.5450341701507568	0.7680656398080156
0.5446441173553467	0.9964817687130494
0.34013688564300537	0.17060152840516812
0.24004964530467987	0.4569807691763878
0.6293104887008667	0.2690561672430184
0.5876550078392029	0.6316090248207347
0.36210551857948303	0.021530601744108563
0.6781456470489502	0.08500918902163901
0.8355684280395508	0.9586553574866076
0.5543151497840881	0.13883372200022315
0.3200492262840271	0.15908773877235435
0.6799775958061218	0.5880086033346494
0.5237235426902771	0.9191067940407344
0.6243351697921753	0.6130290819165022
0.576907217502594	0.7147803607788223
0.46871253848075867	0.12210424575771366
0.6790040135383606	0.9936289290425636
0.7520409226417542	0.826286628730117
0.3934357762336731	0.00497041215956252
0.5650080442428589	0.7343050240599939
0.4949151873588562	0.4583498690203874
0.604682981967926	0.7893074298064969
0.6263218522071838	0.9520036525274169
0.6805475354194641	0.9895102199481396
0.492113322019577	0.2483530776990698
0.6716613173484802	0.5883629791498781
0.46869537234306335	0.92527571622161
0.7104327082633972	0.8118221232132573
0.6239527463912964	0.6040514903011375
0.6876965761184692	0.5939602118989048
0.6321428418159485	0.8970402080719354
0.6399078965187073	0.2967272087115241
0.2835462689399719	0.055181343370160764
0.589640736579895	0.5975990413579386
0.5127663016319275	0.018076703508568086
0.4932795464992523	0.8605493808657215
0.801505446434021	0.984754470193751
0.4313380718231201	0.2132509096536144
0.6534445285797119	0.9513447664822012
0.674299418926239	0.9835532863420337
0.5201778411865234	0.2490027844174368
0.5058872103691101	0.5488941069725013
0.5490508079528809	0.19985517766564356
0.530386745929718	0.5772671981661586
0.6597577929496765	0.987378991109872
0.5218684077262878	0.7370795320618948
0.5145928263664246	0.16159376979893872
0.54218590259552	0.15286880451940166
0.536040723323822	0.3142162920058961
0.33333462476730347	0.0032753542467797297
0.36191603541374207	0.2886599307315417
0.5314040780067444	0.0021226911802375227
0.3875429332256317	0.1183629143846218
0.7613421678543091	0.9791677553189184
0.6301810145378113	0.23543192553931255
0.5916218161582947	0.7334053519946078
0.4956708252429962	0.8790447815279071
0.46937787532806396	0.3814509639772784
0.7107995748519897	0.3823191943448016
0.7853062748908997	0.9695322244332136
0.37040677666664124	0.5731405217028998
0.563056468963623	0.9452374155719834
0.38746127486228943	0.6522340923667205
0.655788004398346	0.11307717106100655
0.44494232535362244	0.8698809673296917
0.5289167761802673	0.02377361646663009
0.4523020088672638	0.007663501130953506
0.5372417569160461	0.16174782885753905
0.7191113829612732	0.9629205655226936
0.47674933075904846	0.4476420074735307
0.4335606098175049	0.26813577963098245
0.49820980429649353	0.2746600409946797
0.47964590787887573	0.0059285959054631255
0.6208659410476685	0.5886964339324262
0.2108989804983139	0.13459212120554687
0.4655289351940155	0.6187780314564592
0.5875579714775085	0.2333952027753311
0.680932879447937	0.6278967893960001
0.6807008981704712	0.3169222065991151
0.45855849981307983	0.9691107144433836
0.3955225944519043	0.040336231160044735
0.520190417766571	0.6693676827197546
1.076307773590088	0.9829669857849366
0.42702341079711914	0.8425449244710417
0.6219522953033447	0.14765271508328084
0.6274969577789307	0.5757673807137691
0.5729084014892578	0.9043960978082592
0.5781102180480957	0.7008265488692309
0.4369569718837738	0.8069554711068925
0.7444531917572021	0.7922980363237877
0.41220059990882874	0.1476637018019568
0.658325731754303	0.9657983665873378
0.579261839389801	0.763730266597033
0.5212589502334595	0.4153980007917071
0.6401654481887817	0.3357200068001171
0.5422552227973938	0.323796038337051
0.7195906043052673	0.7167568613872635
0.3173050582408905	0.043881194220761074
0.22318539023399353	0.1514057452938784
0.3506031334400177	0.21360639852440275
0.5362340807914734	0.21486386503743732
0.9149284362792969	0.9395453235630497
0.5569931864738464	0.4550826656525847
0.5161678791046143	0.8811924213309755
0.47447311878204346	0.4774888049902317
0.31556960940361023	0.44119240990563785
0.3490683138370514	0.20198178139814985
0.5918927192687988	0.24613920046854135
0.7406277060508728	0.7732297119935068
0.593919575214386	0.08878217671140938
0.5271157026290894	0.7992385011114268
0.5607371926307678	0.2896755939608603
0.6077998876571655	0.9966419293555892
0.608375072479248	0.9415170432949416
0.6523033976554871	0.7021595674751809
0.6790533065795898	0.9062705537822769
0.6647759079933167	0.08696684316113172
0.7011753916740417	0.626154475343177
0.4615854024887085	0.03193815000142828
0.37631756067276	0.44615190456038906
0.6342049241065979	0.9749021360849436
0.4464091360569	0.013247258926270315
0.5736867785453796	0.9126496646340012
0.6359089016914368	0.5745675509297351
0.5871887803077698	0.8239536979711504
0.6521155834197998	0.508695739934669
0.5264104008674622	0.1940277653383772
0.8752907514572144	0.8916223915693913
0.37447088956832886	0.07369767573810987
0.45942461490631104	0.09608246211588664
0.6764208674430847	0.9462283993539808
0.383058100938797	0.015101842579416009
0.6857351064682007	0.6251877782105948
0.23475351929664612	0.9092562050539432
0.5364491939544678	0.09468147250602303
0.7535126805305481	0.7244915160425526
0.4030572175979614	0.6211507205539891
0.5818557143211365	0.8367281117421684
0.6795007586479187	0.9362248380937154
0.7475665211677551	0.9174661237757956
0.7087615728378296	0.9472824254740324
0.6394113302230835	0.1747669645231838
0.43551984429359436	0.23928990915501505
0.3023742735385895	0.03802063699048576
0.5164944529533386	0.1517301631447034
0.6203437447547913	0.7453089301243876
0.548582911491394	0.1192083185044495
0.3341946005821228	0.06841861690409365
0.6474502682685852	0.052924273427779785
0.45465290546417236	0.4771409015414839
0.5144500732421875	0.04087852881031905
0.5303754806518555	0.8988865741907527
0.3225454092025757	0.1738017361278937
0.48009249567985535	0.025270073971074558
0.9370895028114319	0.7792802515152628
0.8145065903663635	0.9364783252184279
0.5080437064170837	0.5562474383068474
0.3880038261413574	0.8605093764879312
0.5635843276977539	0.1325086427253856
0.6145581603050232	0.5121015376998113
0.5888092517852783	0.4761565416156934
0.5233081579208374	0.0007855900290207607
0.5904245972633362	0.043779882716735406
0.5832884311676025	0.4965465183037941
0.8275097608566284	0.48148541979323
0.43531057238578796	0.5615967954085899
0.47311314940452576	0.0641877066712468
0.41532737016677856	0.0239833012631514
0.4078482985496521	0.15254149475892967
0.5032167434692383	0.2314894517693521
0.5272902846336365	0.1468594638290959
0.2514150142669678	0.04853957873699733
0.5750176906585693	0.06107885141014715
0.7933835387229919	0.9968211217639398
0.47456708550453186	0.2494987618005065
0.6439584493637085	0.4987477045844778
0.6120147109031677	0.8921502969378621
0.46835756301879883	0.13795390608187602
0.8812872171401978	0.9300095393468544
0.3756459057331085	0.08054755623319368
0.43117955327033997	0.0148231561913104
0.5520280599594116	0.357989822245025
0.5003990530967712	0.1873686851511808
0.44895869493484497	0.09623226951604416
0.3643224239349365	0.11912793428336342
0.5601136088371277	0.7003649493146658
0.29422110319137573	0.1448548911471709
0.5805158615112305	0.4089941752611219
0.6605831980705261	0.4628350583141638
0.4681074917316437	0.9314551041537459
0.5010729432106018	0.9988283231556288
0.5085141658782959	0.6247101089601158
0.5439291000366211	0.8212455240829782
0.643794059753418	0.5634276585227319
0.49332067370414734	0.21213726336896666
0.716363251209259	0.5852939840795989
0.5254426002502441	0.5112354528803001
0.5194858312606812	0.008563993667611968
0.5517184734344482	0.3708584967438195
0.5085663199424744	0.2391818662133916
0.5021191835403442	0.4355560418540811
0.6051632165908813	0.7886502751046693
0.37583255767822266	0.0021130186217957697
0.35126662254333496	0.15643105790192702
0.6910793781280518	0.4695048294069316
0.7449961304664612	0.9922924707770774
0.7069045901298523	0.07342842460772175
0.7169985771179199	0.7374055700829139
0.5859102010726929	0.93006049872642
0.6767933964729309	0.8564503065703915
0.53639155626297	0.36564638619568296
0.5801150798797607	0.7807499283985083
0.7813233137130737	0.9997594373131472
0.6122187376022339	0.2002930438679413
0.4826207160949707	0.4286232104453926
0.630932629108429	0.75876258319635
0.32306212186813354	0.07167932731513807
0.5523110628128052	0.3514697394107756
0.5643846988677979	0.005586827712510022
0.5724056959152222	0.1209066034573457
0.5436249375343323	0.028178431320019636
0.29421502351760864	0.8362071376210186
0.6770002245903015	0.9108770251950736
0.4852777421474457	0.9720868862350149
0.4327300786972046	0.8308173430756954
0.6081143021583557	0.11131595659201446
0.652011513710022	0.3812868149350221
0.6718883514404297	0.9160909614680524
0.5108780264854431	0.7417009511139501
0.4590836465358734	0.10403523781975753
0.5162453651428223	0.3988891661887396
0.6370888948440552	0.6722780379834746
0.651955783367157	0.9478031984269784
0.5380296111106873	0.2591567941744735
0.7074772715568542	0.18481527531806927
0.6507970690727234	0.02286983436778793
0.4555768370628357	0.12544412417022588
0.7625335454940796	0.3507864555698368
0.565180242061615	0.4412462876588099
0.2310812771320343	0.0431142674690047
0.518915593624115	0.15928671601285635
0.5348694920539856	0.009461493919223
0.5063586235046387	0.10664289376015344
0.7298609018325806	0.9733145427046044
0.49841275811195374	0.4848415932549933
0.36141765117645264	0.09433426102304228
0.619394063949585	0.9926014570458372
0.5660890936851501	0.23557289170814136
0.6953520178794861	0.9794450460611709
0.3464495539665222	0.0549284870016355
0.9526641964912415	0.9999417419696668
0.819104790687561	0.23176166630745204
0.6411393880844116	0.6462777688075488
0.6524220705032349	0.2070526137099808
0.3526548147201538	0.7761546353428184
0.5620418787002563	0.15331157061923492
0.5505639910697937	0.044508564266630385
0.5165469646453857	0.06032038788234945
0.4767092764377594	0.9288204645917024
0.5830408334732056	0.3589367078614634
0.43672406673431396	0.04756324268258949
0.7307567596435547	0.31860447051264995
0.7459538578987122	0.742734845134528
0.28637054562568665	0.609236004161981
0.6917804479598999	0.4165508927945405
0.4253976345062256	0.3379904628379621
0.40104106068611145	0.7189411404034176
0.5144518613815308	0.7715537081931
0.6573708057403564	0.13234964511368982
0.4092925488948822	0.8363064159704742
0.2925291359424591	0.13811961454793606
0.5851619243621826	0.9473854799103788
0.44958052039146423	0.012683667088467484
0.5514754056930542	0.4549280611114479
0.5420310497283936	0.8328579103748709
0.5650625228881836	0.4959516396969791
0.5563464760780334	0.1086296018136132
0.6316410303115845	0.966662250743283
0.5331221222877502	0.06778139559045594
0.5489554405212402	0.11661503984181272
0.5367482304573059	0.013579250941027413
0.7710426449775696	0.7114302875678493
0.5265316963195801	0.2718263249409794
0.5638883709907532	0.26343723100845284
0.5265768766403198	0.9615564874060158
0.5137585401535034	0.03585140034142021
0.39933541417121887	0.9709511961022168
0.522771418094635	0.7090175017536637
0.4473359286785126	0.4427405985894111
0.21941304206848145	0.11530248118003007
0.5480830669403076	0.7695983502404921
0.6592907309532166	0.6131489600503888
0.4661112129688263	0.9887120372889132
0.6276758909225464	0.9420751374564076
0.4559558928012848	0.6241526935155477
0.4877448081970215	0.11541981975222435
0.38196831941604614	0.7663678858661859
0.6070037484169006	0.8804462246573527
0.5265159010887146	0.0364046806701988
0.5505741238594055	0.030738279142476795
0.38103920221328735	0.08066414659502005
0.4858979284763336	0.4283567261725486
0.5230235457420349	0.2541222065846616
-0.023035788908600807	0.0053424293797794025
0.5952460169792175	0.025857631719949738
0.4693661630153656	0.9549214753096841
0.7684165239334106	0.6854742338328911
0.6916983723640442	0.6384773406449347
0.468234121799469	0.5641602835078138
0.7126394510269165	0.994590126035521
0.5336962938308716	0.7431393220852931
0.582513689994812	0.8496351487747604
0.44400307536125183	0.3263774398992684
0.6177965402603149	0.9489151218189176
0.6354473233222961	0.7354363626523952
0.48407891392707825	0.4776780074804013
0.5372679829597473	0.5463220053578745
0.8153107166290283	0.9347050099805108
0.44952213764190674	0.3650033734096185
0.7476040720939636	0.930412377445904
0.3748728036880493	0.1729233321294348
0.5845840573310852	0.6884873893441277
0.8413625359535217	0.9989097092804872
0.4987812042236328	0.7523646817854002
0.5958271622657776	0.05908285116022612
0.514125406742096	0.0077654866503095565
0.7753443121910095	0.8637920673144858
0.5555213689804077	0.6566296475103189
0.5493189096450806	0.3558721562595949
0.5639369487762451	0.5733541368332509
0.5687568783760071	0.6951358672915399
0.6387321949005127	0.788178462145581
0.6716828346252441	0.15789419858846082
0.7720863819122314	0.6819028547119421
0.753151535987854	0.574101549318874
0.5460498332977295	0.243089834519872
0.3821696639060974	0.004935206687253644
0.3630339503288269	0.7890995446649888
0.30583611130714417	0.09887911065972782
0.04123164340853691	0.023331338365281614
0.5641517043113708	0.8158703587112969
0.6605297923088074	0.9958521474529086
0.5580734014511108	0.4874769904574537
0.5272521376609802	0.14783833660985568
0.5303702354431152	0.12930377935568885
0.4902299642562866	0.10711587868772793
0.48163533210754395	0.9702058330004616
0.3592338562011719	0.3528429354981842
0.8523309230804443	0.9818131269069992
0.5375813841819763	0.8316947877708675
0.4485044479370117	0.13147853803034332
0.6446386575698853	0.4035065694080425
0.5720636248588562	0.4965156105673755
0.46300962567329407	0.8462955433225793
0.3689321279525757	0.22643006404393864
0.8680269718170166	0.9737604566726212
0.8046695590019226	0.5332370353178288
0.6874968409538269	0.8420223311711773
0.5656008720397949	0.7274646165101966
0.4992750585079193	0.6620002824553629
0.6510138511657715	0.19788558256318434
0.6804566979408264	0.855948672512649
0.6722261905670166	0.5189946607016079
0.6046071648597717	0.6203977852347505
0.5982656478881836	0.7748956814831522
0.636638879776001	0.8515802586642867
0.8053369522094727	0.982980186908206
0.46430614590644836	0.9979782604932054
0.6070438027381897	0.4599160909014925
0.4327758252620697	0.8040845297275362
0.4878857731819153	0.16705642505773702
0.7958837151527405	0.998669467567976
0.5192467570304871	0.5296605042611248
0.48259294033050537	0.3162720198664272
0.5460000038146973	0.6461578026262215
0.6413079500198364	0.031968037872093215
0.6513699889183044	0.985703826464836
0.5846261382102966	0.12421223322340495
0.547120988368988	0.6855566111400395
0.3256140351295471	0.03326988603840367
0.38691961765289307	0.09235078985974557
0.4774627685546875	0.0791082632687196
0.49154311418533325	0.9702349631668
0.5300711393356323	0.8290890502696612
0.44339242577552795	0.8668476464182878
0.4822833240032196	0.3841036426439655
0.3966430723667145	0.01925236386873843
0.6873551607131958	0.7840168666931876
0.674453854560852	0.3432982709373105
0.4721258282661438	0.017172990364563597
0.3114154636859894	0.013128278200908032
0.8699533343315125	0.05715760849107436
0.6743848323822021	0.7884202888463645
0.672980546951294	0.5478668625305372
0.6535987257957458	0.33821970999816137
0.5086094737052917	0.404342617011813
0.718411922454834	0.7449159735418832
0.5800634026527405	0.7674099320002898
0.8513271808624268	0.7498889985906593
0.36941850185394287	0.3702816478603923
0.5528004765510559	0.5405607944196853
0.36922937631607056	0.03597546806354495
0.6887302994728088	0.85239715402406
0.5419784188270569	0.9853553684480736
0.42650362849235535	0.07387292972477777
0.5389200448989868	0.8730012209675833
0.4208984971046448	0.4273475455571419
0.813788652420044	0.7538235636830607
0.6446291208267212	0.2865777415050949
0.5878961682319641	0.025159296923547757
0.5910026431083679	0.6601026443717348
0.7357260584831238	0.8946424068628386
0.6792986392974854	0.506931917355168
0.598657488822937	0.8977553193479662
0.6818562746047974	0.2448894029878204
0.36213549971580505	0.027390439177926527
0.6730214357376099	0.9009571189215579
0.6206579208374023	0.40511574597280986
0.5199514627456665	0.6240995233532629
0.3829067647457123	0.14984118239916974
0.6405498385429382	0.9049778567632863
0.40143638849258423	0.19842826451954276
0.9171719551086426	0.9988609906847876
0.5694972276687622	0.300998721311288
0.3265441060066223	0.040150927774289545
0.6070342659950256	0.5229841139624658
0.5332452654838562	0.4772822569334343
0.590462327003479	0.7827564470505646
0.27120450139045715	0.04223338906496435
0.5125101208686829	0.1359411142005718
0.5493898987770081	0.08842715252859673
0.5874720215797424	0.9934397379577384
0.7264034152030945	0.04100196575922863
0.6991993188858032	0.4626834240714076
0.7280960083007812	0.6231988931289293
0.2624245882034302	0.03010418625273387
0.6600625514984131	0.3580791819884813
0.7403194904327393	0.593206415372208
0.4234200417995453	0.06714113523171532
0.7235225439071655	0.4076188747788129
0.3162744641304016	0.2346403543354444
0.3235154151916504	0.3207729487845157
0.748945951461792	0.3277493945229853
0.6766011714935303	0.982434451759832
0.643580973148346	0.8979447636631613
0.5997552275657654	0.8154470281111376
0.5538493394851685	0.5048204994122346
0.2894156277179718	0.10914822440235383
0.578286349773407	0.4445541633637529
0.6498536467552185	0.06683001315270443
0.590059220790863	0.1686608861250715
0.7262376546859741	0.7854828646802045
0.26656219363212585	0.06650613889888893
0.4670690894126892	0.06899870785921651
0.555651843547821	0.5696286647644653
0.3213047385215759	0.04235701152704309
0.5636159181594849	0.1742706977144508
0.6636694073677063	0.3915054152275987
0.190740168094635	0.0068006400287106755
0.6683315634727478	0.2643295472240149
0.6222754120826721	0.6376717749564992
0.4683457612991333	0.5208557783978517
0.5367830395698547	0.3445712680705135
0.5669697523117065	0.5812018940338787
0.7831155061721802	0.5990552312393446
0.7188581824302673	0.3537160454119653
0.5658485889434814	0.4068727522100793
0.719942033290863	0.9926138217959256
0.5471068024635315	0.6916669311135589
0.5490489602088928	0.15867586697882324
0.26295575499534607	0.5866352125551555
0.8113800287246704	0.9591942187675826
0.5836940407752991	0.24943223995005806
0.35756656527519226	0.010035839818952626
0.6908852458000183	0.7658680380708581
0.6301738619804382	0.9610167066019124
0.5975543260574341	0.9929143469889298
0.3846888840198517	0.4716772362257179
0.3545653522014618	0.8538128280807146
0.502802848815918	0.08556897064755507
0.689771831035614	0.3203370549724123
0.23926293849945068	0.7800793138192149
0.4287428557872772	0.8653792706319242
0.2922469675540924	0.3883652619367263
0.5719167590141296	0.7686315562570625
0.5600900053977966	0.9779419722991598
0.6111500859260559	0.7603444315568153
0.6143757104873657	0.13393015966327435
0.5998551249504089	0.7388108686086261
0.5212448239326477	0.3293006859018195
0.7657634019851685	0.4167327590316273
0.4804246127605438	0.6338034853271625
0.33005693554878235	0.3667589404821395
0.39789071679115295	0.02849395886484653
0.5493573546409607	0.9434699505075244
0.6051990389823914	0.3888366587619807
0.5787571668624878	0.8849611853312805
0.6242123246192932	0.9980213600276652
0.9203851222991943	0.989986760056904
0.9398042559623718	0.9244248884526384
0.5463398694992065	0.9296918087202284
0.3850336968898773	0.05482357824269007
0.44561508297920227	0.32949446925487746
0.6210749745368958	0.8813942364436151
0.5617465376853943	0.988428372917136
0.6967937350273132	0.17418096993282156
0.4769764840602875	0.09937793338696267
0.7305804491043091	0.5977992923374961
0.6148450374603271	0.6365029532399572
0.6451848149299622	0.030970793742193192
0.38078200817108154	0.4214334122917162
0.48336267471313477	0.9705341501023762
0.39429616928100586	0.476797533351536
0.7617404460906982	0.9658441390508276
0.5416998863220215	0.8772958514230457
0.6858010292053223	0.8417671310838406
0.47262176871299744	0.3898657943520904
0.7576016187667847	0.4332266304901293
0.7108393907546997	0.16717566960388336
0.8394361138343811	0.9567700932434324
0.5127409100532532	0.14044725064218852
0.5724169611930847	0.3996930136847466
0.5969273447990417	0.7255640301912305
0.5445874333381653	0.7503719080187521
0.21161828935146332	0.07587434565286465
0.5523536801338196	0.16639188177620504
0.5153168439865112	0.016921924890874643
0.23684510588645935	0.21372006434127264
0.6675435900688171	0.8626376281235328
0.6487392783164978	0.6030567051333736
0.519378125667572	0.026321926163869712
0.8544442653656006	0.9156266746248856
0.48469892144203186	0.8684259023095666
0.37319716811180115	0.15008634745543856
0.5973432660102844	0.9241683903194191
0.6049172878265381	0.3902356771883435
0.2960608899593353	0.2939873431108108
0.5204517245292664	0.6464383427293869
0.5996385216712952	0.4741349350308596
0.6660408973693848	0.7876130736249516
0.5753666162490845	0.601628337768431
0.6274203062057495	0.944868724954524
0.3323242962360382	0.23456386394560086
0.606029212474823	0.07068814920979243
0.6643825173377991	0.43513526792187707
0.5113667249679565	0.4841355375892729
0.6720662713050842	0.723566267781824
0.7721625566482544	0.994195282945843
0.528653621673584	0.5741376757854535
0.4343213438987732	0.9477486446106816
0.47177794575691223	0.22385171500590276
0.6567074060440063	0.26615589266783823
0.4865070581436157	0.07635985224589335
0.6980605721473694	0.5250219754149235
0.8687825202941895	0.9903290858832468
0.6880362629890442	0.3378847960481015
0.4688321650028229	0.22010695857476129
0.5063080191612244	0.6057659539385057
0.8027469515800476	0.9770289802873112
0.34189724922180176	0.8995534461385046
0.5468118190765381	0.7962807850906995
0.8156812191009521	0.9397578001754368
0.49599477648735046	0.008700978981563622
0.616870105266571	0.030674392197623263
0.9196369647979736	0.8555630155997985
0.6304089426994324	0.9846819904667756
0.5836214423179626	0.07480649447585304
0.7023276686668396	0.9011877346417421
0.6496140360832214	0.6848773962659003
0.5826022624969482	0.6742466928513908
0.5476970672607422	0.6987861505420824
0.7474876642227173	0.9145021727264964
0.6406916379928589	0.5350831936886438
0.694655179977417	0.07223756027593561
0.3565613627433777	0.1372553436510021
0.7878793478012085	0.9610497717233234
0.5881375074386597	0.8769408369357883
0.6495333909988403	0.8534289461556334
0.509946882724762	0.9995327020008198
0.467136025428772	0.459834282555712
0.4889907240867615	0.021486644116907056
0.7544784545898438	0.8984847795146172
0.7414083480834961	0.9969946461735906
0.5056354403495789	0.31566143372523525
0.7748498320579529	0.6379392371860991
0.5349286198616028	0.5810266451850081
0.5382899045944214	0.08839830027908083
0.6673781871795654	0.8556407775989754
0.3539389967918396	0.03950294230580921
0.4334193468093872	0.2775179661205051
0.14121957123279572	0.02614675216052378
0.6001871824264526	0.36137563186407395
0.6048997640609741	0.7888588707289285
0.5234710574150085	0.020298392827027813
0.8773396015167236	0.914814543290986
0.9217337369918823	0.8855556047287148
0.22043867409229279	0.07629899659674297
0.96985924243927	0.9481758790759128
0.5294568538665771	0.3098087255814557
0.6511322855949402	0.2454957649414604
0.32243645191192627	0.04621611515331412
0.6029798984527588	0.3320636231141592
0.41475874185562134	0.11875773214581295
0.48058125376701355	0.6019717845460667
0.28983074426651	0.17028798135851067
0.5016641616821289	0.04313599755740617
0.33632200956344604	0.6258468927024695
0.7912424206733704	0.9829010789638576
0.5274255275726318	0.2489130488728719
0.2153456211090088	0.13845926848765228
0.5098748207092285	0.289458267676867
0.5153468251228333	0.3506917355767913
0.5107759237289429	0.012458693625153387
0.5284890532493591	0.42166646312568457
0.47890540957450867	0.7463050885158496
0.5357317328453064	0.01046379214240522
0.35850074887275696	0.07564737385589558
0.6152291297912598	0.8236110148496085
0.6766392588615417	0.508807596625641
0.6406741738319397	0.6549451788884809
0.2757038176059723	0.09250566467783836
0.6036015152931213	0.3138992003227848
0.7686700224876404	0.8224540321101963
0.41931551694869995	0.07481087650525177
0.4393487274646759	0.17423820491614622
0.6016514301300049	0.9645847112062326
0.45433902740478516	0.05871015878280751
0.2970108389854431	0.014322188180946566
0.4735587239265442	0.07636374886938138
0.6091057658195496	0.17915983141368896
0.8609414100646973	0.7720640738106741
0.520891547203064	0.6880824779915081
0.34466397762298584	0.034785856518599084
0.6997480392456055	0.8765637452131424
0.6008226871490479	0.5717499808015242
0.6914772987365723	0.8905573505123991
0.7719441056251526	0.2662794048421667
0.4766841530799866	0.11093267652153807
0.583063542842865	0.044796018410585364
0.4481598138809204	0.1989442315852035
0.6797521114349365	0.544823759076937
0.7858225107192993	0.9645449125015844
0.31466323137283325	0.7925584025436125
0.9119839072227478	0.9687083529214224
0.6642448306083679	0.8583632597007741
0.34010082483291626	0.4366611704432243
0.4590209126472473	0.6289795147752429
0.8351380228996277	0.5875752666531739
0.7342451810836792	0.7719435904428654
0.6125298738479614	0.19334617319421635
0.6144065856933594	0.5889399197278864
0.6140998005867004	0.36026020018923444
0.6881181597709656	0.4715771869881582
0.3790757656097412	0.03066342285355943
0.6707024574279785	0.3942517951924032
0.6738657355308533	0.6095448340415593
0.2891400456428528	0.07208652291418517
0.6223738193511963	0.9004979020155651
0.6623129844665527	0.11219964260103513
0.5932824611663818	0.6302182693415465
0.4341593086719513	0.027785660298641768
0.7525641322135925	0.975904040340565
0.6945178508758545	0.9624010986660616
0.32254138588905334	0.012811107365009308
0.739830732345581	0.9515155332375947
0.5294032692909241	0.5611404342630762
0.3757343590259552	0.045790154055346484
0.4871869683265686	0.5223944333729016
0.7193330526351929	0.7700476631719404
0.4580187201499939	0.1520529108682188
0.63286954164505	0.3310037168712928
0.5469224452972412	0.242444034465407
0.6854941248893738	0.9835267872322098
0.5992223620414734	0.7568386675382265
0.38930827379226685	0.2819086616650918
0.48001742362976074	0.007442144886004619
0.7173944115638733	0.9591513398565504
0.49443867802619934	0.6793365180121878
0.38670992851257324	0.04007280746894242
0.7240406274795532	0.3776524502404226
0.558420717716217	0.6904674207589631
0.6191474199295044	0.500965371411862
0.7834848165512085	0.9793187405812872
0.3468451201915741	0.5751836761157968
0.6221015453338623	0.9250452149085272
0.6585379242897034	0.9334363430337388
0.602914571762085	0.4533809377830347
0.5626232624053955	0.6623961545157705
0.5799791216850281	0.5832639496548904
0.41005268692970276	0.1263001983155863
0.6303076148033142	0.9529073140944009
0.672266960144043	0.1772267227180915
0.6491457223892212	0.04258133101919015
0.5132271647453308	0.947806233624128
0.7880254983901978	0.09710217747088017
0.6580033302307129	0.7716712180970946
0.8604645133018494	0.9175765549199963
0.43237176537513733	0.6676117703904043
0.5234133005142212	0.9896540148205424
0.8465050458908081	0.5662205766227563
0.6651802062988281	0.2558420807928337
0.42815038561820984	0.43032617504179455
0.4453802704811096	0.008287655580436438
0.8256550431251526	0.8683409303115353
0.6467955112457275	0.227111921206754
0.7365139126777649	0.995651637010601
0.5240718126296997	0.9179581752279417
0.40801432728767395	0.14422016009543692
0.6405187845230103	0.8792599934007135
0.729511022567749	0.8868305652226596
0.6689966320991516	0.997323645354196
0.7217662930488586	0.8301363413558666
0.37083953619003296	0.1840742126245689
0.18572638928890228	0.07928944750253873
0.3307458758354187	0.6992953063330568
0.7869967222213745	0.002205422617069921
0.45315226912498474	0.6093992646159501
0.4252867102622986	0.7882464826828108
0.24237710237503052	0.880829582038146
0.7904006838798523	0.5212571883164987
0.8330005407333374	0.9661398335175838
0.6133716702461243	0.3337336390479496
0.5685701966285706	0.3940302047631699
0.6129125952720642	0.8450089295280135
0.5020039081573486	0.6702103115134731
0.32121506333351135	0.4011158675850852
0.371540904045105	0.1109973048346713
0.5072866082191467	0.3001712250463225
0.6567348837852478	0.4253364946155205
0.6884239315986633	0.04797225533688936
0.6877182722091675	0.9261149355624824
0.3185740113258362	0.06080254572282599
0.5547571778297424	0.9110639857587289
0.5375994443893433	0.5733305534383693
0.4990500211715698	0.7109332558022805
0.6229847073554993	0.696531218924426
0.5942462682723999	0.961435419431512
0.528504490852356	0.0015456676257168346
0.5766578912734985	0.03477188398148836
0.6993206739425659	0.002742230285152537
0.6480892300605774	0.5439409616146686
0.6394876837730408	0.14994260835502998
0.6563097238540649	0.3758868902466241
0.4992350935935974	0.8170936098959247
0.5108093023300171	0.15543041915709582
0.5064253807067871	0.08783247745441909
0.8487030863761902	0.9988539397947478
0.44034653902053833	0.11983730276737625
0.5015410780906677	0.43063916774726463
0.692546546459198	3.639028067593868e-05
0.5355117917060852	0.3228277786385439
0.5082085728645325	0.16155741315783548
0.5918878316879272	0.8340158396724373
0.9714694619178772	0.980265097988008
0.5013729333877563	0.6078928524305574
0.4096490144729614	0.11873968727267853
0.34685760736465454	0.0162776506863503
0.6172115802764893	0.16989671413890434
0.3602323830127716	0.5799851035552746
0.9227206707000732	0.9321007667022252
0.2949995696544647	0.012700342689206476
0.26033997535705566	0.0554903105295656
0.5912835597991943	0.0013419106181698428
0.6191133856773376	0.4791978441293048
0.5552153587341309	0.3501617014397107
0.5431767106056213	0.7979943162256669
1.0815860033035278	0.9902854629408192
0.4056301712989807	0.2023590677929097
0.38520386815071106	0.31144530152167216
0.594684898853302	0.9702500017642296
0.48339515924453735	0.17720917013831292
0.4362483620643616	0.00619721973197878
0.6641952395439148	0.7085032767764112
0.44033196568489075	0.03168870116159652
0.19321532547473907	0.0061140300476512244
0.47557497024536133	0.8929494566238154
0.44918113946914673	0.00834025952383582
0.4227840006351471	0.8202290539484914
0.890736997127533	0.7778140515335891
0.4837048053741455	0.10932338607348584
0.27293214201927185	0.05134890031080292
0.45498883724212646	0.615709960226545
0.33512869477272034	0.1072584030031806
0.5172959566116333	0.9957331865770056
0.3380415439605713	0.02831983458505228
0.6607066988945007	0.8047368261379304
0.284077912569046	0.03253210758807136
0.49814116954803467	0.3113449739031024
0.4870649576187134	0.36124034407740896
0.48522815108299255	0.1319581083729581
0.6220224499702454	0.968653868996359
0.3945395052433014	0.7188681721884433
0.6974211931228638	0.9825264884898902
0.5411407351493835	0.9891635800037162
0.8536806106567383	0.6009135727187236
0.41266942024230957	0.07931106653602024
0.5631188750267029	0.0891531989498924
0.5228039622306824	0.4150752913603052
0.6636555194854736	0.6867703466140358
0.767214834690094	0.729087611474928
0.6825405955314636	0.8677015172845438
0.4588277339935303	0.1954731367000787
0.6105290055274963	0.9885385640782084
0.6518500447273254	0.6906838066100739
0.4967268407344818	0.9303368212915716
0.5634032487869263	0.7247971579175259
0.8173807859420776	0.968171608273201
0.7237731218338013	0.6322552385078078
0.48166656494140625	0.5981575028404957
0.5701359510421753	0.15760759973759253
0.4276658594608307	0.5653119896104507
0.7482800483703613	0.9270105019412184
0.5586717128753662	0.2489937329426401
0.9032773971557617	0.9596993902144888
0.6143030524253845	0.15997705758785088
0.8177248239517212	0.9945038965646272
0.4479631781578064	0.05311509158920954
0.5252470970153809	0.6782394550464954
0.5210034251213074	0.3340119880988845
0.19715559482574463	0.05495089455309557
0.4648108184337616	0.9865537039862208
0.4658202528953552	0.3965109214948617
0.5903425216674805	0.3678239831329306
0.41897255182266235	0.2335309498005997
0.7077468633651733	0.9884732552220488
0.5395138263702393	0.018132567960193417
0.33486419916152954	0.11923296994021006
0.48220446705818176	0.1558556307365674
0.7016370296478271	0.344539177757726
0.780275821685791	0.9705997088028984
0.5843840837478638	0.778069708211941
0.536396861076355	0.8641177995413581
0.555806040763855	0.6516567219442204
0.5300666689872742	0.4484780539525037
0.22858066856861115	0.13364586288529187
0.5813320875167847	0.10115911328856793
0.7157164216041565	0.7646507038923506
0.9191281795501709	0.13879913701205635
0.7636677622795105	0.29126744280785083
0.5200249552726746	0.568982421685129
0.8631366491317749	0.6659735174941243
0.5191200375556946	0.3371665218780854
0.5679313540458679	0.8020964847664369
0.5568874478340149	0.8760137160703306
0.4635619819164276	0.7388806630843991
0.45356008410453796	0.7260419693943837
0.6436413526535034	0.5483662276411492
0.4517443776130676	0.15019506182154546
0.8057328462600708	0.5408846069648466
0.5500898957252502	0.6855225033002003
0.9295952916145325	0.9965370545756816
0.63148033618927	0.9504477302097296
0.6147758960723877	0.9855742707128168
0.5526806116104126	0.08879272985059593
0.6116283535957336	0.9847911781250646
0.3265528380870819	0.13123955167476262
0.32267099618911743	0.05529050840779274
0.7022693157196045	0.2977844002798435
0.5335824489593506	0.9520329114966872
0.6213830709457397	0.6931989028163105
0.5072818994522095	0.8415288317828995
0.8193596601486206	0.9923354369758691
0.7824205160140991	0.9972812112715084
0.5735799670219421	0.9941434745839691
0.5048279166221619	0.669861208342568
0.7176398038864136	0.6841660264429452
0.5793761610984802	0.7808975866082976
0.6329512596130371	0.7088066171557098
0.25564926862716675	0.13312034229149522
0.5723010301589966	0.5786021296538095
0.6356072425842285	0.5644843518346031
0.7495411038398743	0.9670858185335568
0.2609853446483612	0.10769751143097844
0.49112963676452637	0.6705963769436671
0.23998384177684784	0.20863287279019047
0.708146870136261	0.09091051567271796
0.5666918158531189	0.5154519898878737
0.36264973878860474	0.061889515623546824
0.67729252576828	0.8552082613053885
0.6798814535140991	0.9701236436596689
0.6562110781669617	0.7135484888563973
0.7036945819854736	0.9000306186331681
0.4484407305717468	0.3684499557752269
0.8547412753105164	0.8106993981526717
0.24096430838108063	0.08768760038070189
0.6092243790626526	0.7575495539112673
0.12182673066854477	0.017313679519702526
0.5062000155448914	0.4642264780941092
0.6812053322792053	0.042928602153608816
0.4541594088077545	0.8545626449876005
0.6896054744720459	0.7167523612321202
0.5211374759674072	0.7956794007384616
0.5395001173019409	0.4036269169519371
0.5780128240585327	0.2568052316824255
0.6558330655097961	0.4738980627765139
0.51764976978302	0.6652863664563192
0.7803055644035339	0.9509026005518714
0.6881616115570068	0.9958401130074336
0.5678495764732361	0.1287919596085785
0.7829232811927795	0.9608607202095356
0.584255576133728	0.8714997648043565
0.36836445331573486	0.13777019223479525
0.6647924184799194	0.9208689969796302
0.791280210018158	0.8508704224554556
0.41132813692092896	0.9481550571620948
0.4391912817955017	0.7932651289036875
0.7431914806365967	0.990703974109837
0.7265474796295166	0.9956329780836052
0.4730566740036011	0.4249876776192435
0.7762643098831177	0.984452972224835
0.24792011082172394	0.17084529206193608
0.5312642455101013	0.023047102613157767
0.608106255531311	0.2563036396607546
0.5094067454338074	0.0022275226587259328
0.3412550985813141	0.04031372579504292
0.5590240359306335	0.10902061935867877
0.8195995688438416	0.9899503803629588
0.46765875816345215	0.43146721375580654
0.6444736123085022	0.9240722278178184
0.47362327575683594	0.38197349239695183
0.7144583463668823	0.31511409854373723
0.4189373254776001	0.10456929258590528
0.6149858832359314	0.5778634409104855
0.4400959312915802	0.41517860882549945
0.9184953570365906	0.6785722603548822
0.6145784854888916	0.3313154590756642
0.421601265668869	0.04727167329547451
0.39742690324783325	0.2831023294172582
0.5553327202796936	0.26560191398971383
0.696800172328949	0.2774074414378065
0.9137508869171143	0.8354919967696326
0.6013206839561462	0.5475868554443086
0.4480130076408386	0.0921432626918924
0.4609445631504059	0.06147849206868222
0.5092808604240417	0.049220227905695815
0.5420362949371338	0.2551829416648015
0.44830167293548584	0.37865913828996256
0.5528863072395325	0.3703372238671007
0.48932185769081116	0.5915376246973474
0.49539223313331604	0.5866480833588028
0.44409775733947754	0.026019194174984824
0.5785256624221802	0.9913704729840208
0.5944758653640747	0.16153558785091626
0.5770207047462463	0.5767148245669269
0.5626718997955322	0.16039722440480678
0.14323242008686066	0.0068225376936930865
0.7205378413200378	0.5195199429514219
0.7912805080413818	0.6640607030613801
0.5845259428024292	0.8884590886729106
0.6694912314414978	0.7756482506798428
0.6619654297828674	0.9478512422292332
0.2939130663871765	0.0033019960447468358
0.5998401045799255	0.9334685633992684
0.5862151384353638	0.9287941950272148
0.46980491280555725	0.9555121821663828
0.4600677490234375	0.008600024840964336
0.6328765153884888	0.4587735506751174
0.6603689193725586	0.41677251224418094
0.731128454208374	0.9840065228600392
0.7216535806655884	0.6482755233214481
0.6841586232185364	0.49582503449384396
0.4696786105632782	0.7874165257206029
0.6985418200492859	0.026427217606844442
0.2783324718475342	0.23993286564234576
0.7549741268157959	0.989921174320973
0.45927155017852783	0.9084851416497572
0.5155821442604065	0.19461557144037914
0.6880922317504883	0.907984926730009
0.7308928370475769	0.9590052780774112
0.7589361071586609	0.8543371188066945
0.6809002161026001	0.5434715320581528
0.271371066570282	0.011043718116929556
0.5792795419692993	0.38009465131774817
0.6743768453598022	0.06487905289710909
0.7867770791053772	0.1975750528951924
0.7654708027839661	0.985375725819229
0.3262064456939697	0.5369875004123627
0.5083584785461426	0.18093204870475635
0.5425702929496765	0.2419540736703384
0.6449241638183594	0.5909563122432662
0.6706954836845398	0.02600073589343657
0.5010502934455872	0.2790123307214197
0.4681529700756073	0.10269638948952348
0.6831710338592529	0.9403900578236348
0.7418245673179626	0.9224828947473398
0.5249020457267761	0.3496214784247267
0.5404629111289978	0.5929495534120109
0.7528295516967773	0.7899194299654159
0.5308263897895813	0.8364103242031021
0.6639630794525146	0.4860389756131464
0.708279013633728	0.4489641665805234
0.9229622483253479	0.9630565791822466
0.562344491481781	0.7185752697919957
0.5108055472373962	0.06247607878226829
0.47008806467056274	0.21257571752503931
0.49405795335769653	0.04645620510376237
0.5027711391448975	0.9515046668785864
0.5719234347343445	0.9102367668384306
0.5718384981155396	0.6128505541238299
0.5147981643676758	0.6344918074666651
0.33157867193222046	0.7935015662777335
0.5977164506912231	0.4613198019338591
0.5791378021240234	0.8387341709953671
0.6597970128059387	0.2518115990872274
0.2780326008796692	0.006835036393406834
0.46112915873527527	0.3387622102095816
0.6112056374549866	0.5042123002020606
0.7799702286720276	0.999218744437684
0.546267569065094	0.7433087038161813
0.5892661213874817	0.5557709058361231
0.5446171164512634	0.4529469358631398
0.6249957084655762	0.017066946975992613
0.37330907583236694	0.06911151683888593
0.7568089365959167	0.7189242296775259
0.5862920880317688	0.9132316048508972
0.5217028260231018	0.9079079544882772
0.7366312742233276	0.5389450083295455
0.8455508947372437	0.8720205483508489
0.7553625106811523	0.16955316684822197
0.6233314275741577	0.8753245373210272
0.5537174344062805	0.9245682453125142
0.4550645351409912	0.8175952401174879
0.49380752444267273	0.011864466115659802
0.5131368041038513	0.2662716588345035
0.6284346580505371	0.9478958400998536
0.4652875065803528	0.34366425744183177
0.5559844374656677	0.3942749459865813
0.46848389506340027	0.7115491780248934
0.558120846748352	0.05923909143299036
0.6032521724700928	0.32844818403426695
0.4798280894756317	0.3800313821447736
0.7964327335357666	0.5300523249330279
0.6605119109153748	0.9829397558170818
0.5075919032096863	0.1840865860599508
0.28587520122528076	0.15864348140732565
0.6082894802093506	0.005412896222334492
0.5125463604927063	0.34737404284071105
0.45008793473243713	0.06204599337642507
0.7528879046440125	0.9994288923215184
0.7561317086219788	0.4690460681696402
0.5519126653671265	0.7043998482280219
0.5274416208267212	0.3115922255271654
0.9347284436225891	0.9862283527452974
0.43604058027267456	0.7925396228120959
0.5752298831939697	0.1679878661167163
0.5590706467628479	0.5972188768128693
0.27952226996421814	0.10658052900347728
0.6630447506904602	0.98072735337932
0.5206938982009888	0.5853502860259222
0.6210004687309265	0.997083433007584
0.5615846514701843	0.5702378030876448
0.43887192010879517	0.5712690180427326
0.7967559099197388	0.9670666306070697
0.5617554783821106	0.2626289911092653
0.683391809463501	0.9671108131876852
0.7383823990821838	0.5555184634801269
0.7361780405044556	0.9877816954714598
0.5026746392250061	0.05453465454689944
0.7318017482757568	0.3037558154989106
0.8331108689308167	0.553462219163682
0.6204240918159485	0.8959502341329282
0.4294905960559845	0.41215693711513823
0.6965316534042358	0.9697149676696832
0.6354979276657104	0.8690664711446561
0.5562279224395752	0.7904288086153072
0.5769851803779602	0.9910396103994848
0.41039109230041504	0.3502919672382834
0.4255200922489166	0.349546728881012
0.4213641285896301	0.5772725460207447
0.8801079392433167	0.989900632448758
0.3236556053161621	0.278835818543948
0.609305202960968	0.096975028843808
0.510286808013916	0.16640666636215068
0.932589590549469	0.9177195940523494
0.4641975164413452	0.8708622358087902
0.3387002646923065	0.9724764235281264
0.6801424026489258	0.5977307903298197
0.5869444608688354	0.6047822671579747
0.5145491361618042	0.5525918925768007
0.5674938559532166	0.8018186108847433
0.622736394405365	0.6970386431303145
0.5246389508247375	0.7254531465898169
0.6255333423614502	0.7190465528897777
0.7043068408966064	0.7964179848973414
0.4867638945579529	0.06783748588407965
0.5654610991477966	0.9806807787181436
0.6672602295875549	0.9660147773737544
0.5405080914497375	0.9784605855534794
0.6511160135269165	0.9945050132227556
0.5264951586723328	0.8980507223710293
0.5625384449958801	0.2841372541640617
0.2622826397418976	0.08820047722181662
0.5475984811782837	0.08678577020018087
0.7582376599311829	0.5328838795467775
0.3811790943145752	0.14101203867543075
0.6122801303863525	0.7729706837636587
0.29988396167755127	0.06380229891696176
0.3652314245700836	0.6920015961477818
0.487074077129364	0.8372615934859752
0.6960291266441345	0.5749991260045724
0.6499084830284119	0.8913012418693469
0.7205355167388916	0.993518336173354
0.6716735363006592	0.5263324905203123
0.7317183613777161	0.8736630172933381
0.6002691388130188	0.9108696799295476
0.7761141061782837	0.6654884268807776
0.775157630443573	0.9315489933215391
0.6856198906898499	0.7985285371826939
0.6052279472351074	0.6683366324305088
0.6605291366577148	0.55661549005993
0.4776776134967804	0.1793535554676948
0.4083312749862671	0.0983044565432476
0.4975161552429199	0.053367760053558984
0.4551306366920471	0.9851025928135936
0.5297110080718994	0.2951803036637614
0.48034775257110596	0.3346784778285857
0.729172945022583	0.7753225569944845
0.4576198160648346	0.6184343677711127
0.52325838804245	0.5839085895425014
0.46764931082725525	0.6947284301846924
0.5615823864936829	0.7832438010773567
0.48243245482444763	0.028684351226843083
0.8710405826568604	0.9844934012993776
0.7461696863174438	0.8819901794993228
0.4520600736141205	0.2575185821813936
0.5700660347938538	0.34393997164848605
0.16595987975597382	0.03260791514167484
0.7576563954353333	0.3401555880082572
0.6089388132095337	0.8680687141812723
0.45069777965545654	0.1716299992303356
0.7177493572235107	0.9876881565102866
0.516991138458252	0.4014935952533181
0.22840996086597443	0.2694359717936288
0.5910369753837585	0.9686248457333336
0.5917152166366577	0.9903124035457715
0.6002561450004578	0.5099565438927226
0.566674530506134	0.9110106775524308
0.4456917345523834	0.2108092376247482
0.7396332025527954	0.9962120818865664
0.9167853593826294	0.9803347860823448
0.4059431850910187	0.29028176615894324
0.5447901487350464	0.09948530937550372
0.4060975909233093	0.10002567667702056
0.5103617906570435	0.009828289902110356
0.6373281478881836	0.6380331790390108
0.7567030787467957	0.3923716905826966
0.4855967164039612	0.3849482118074052
0.585186779499054	0.9222604443485704
0.6290974617004395	0.5610760279973502
0.5734438896179199	0.8308400636181816
0.6273701786994934	0.9362521696652994
0.4046902358531952	0.1191827404462984
0.7104057669639587	0.9037194640958404
0.3031584322452545	0.1890592250188324
0.435973584651947	0.27330152119431833
0.14785215258598328	0.044311530309466586
0.575080156326294	0.07795899863670727
0.512612521648407	0.599561604280176
0.5604547262191772	0.03232536895119092
0.7997711896896362	0.9432697824679268
0.6969621777534485	0.3690901903416661
0.7856059074401855	0.4512380011073429
0.3520476520061493	0.5438356456998367
0.37163156270980835	0.026843986228016738
0.47256138920783997	0.023201207003421
0.9393554925918579	0.9870942044275132
0.7947466969490051	0.7148775397494862
0.5846124887466431	0.06555860454351113
0.3900950253009796	0.15999723872537533
0.009429984726011753	0.10144189700967347
0.6314647197723389	0.1361696478226421
0.4814954102039337	0.2395730888929971
0.5434252023696899	0.5232256020635757
0.7923767566680908	0.9641510380470284
0.37589552998542786	0.18709433463636715
0.6162680387496948	0.9948490767279664
0.5141826868057251	0.8716454469184863
0.8247471451759338	0.9976576569520188
0.5464597940444946	0.22936645827198104
0.49734145402908325	0.7518341108251463
0.4875754117965698	0.9327555147341662
0.8718626499176025	0.061727116186413064
0.3692190945148468	0.26083597203724945
0.7655760645866394	0.9373167372767168
0.49961090087890625	0.03491917446318416
0.03606582060456276	0.0033654163080745186
0.43937456607818604	0.023049938479833026
0.717892587184906	0.8939430177416022
0.5661627054214478	0.6993561113696203
0.6180316805839539	0.7108597070571959
0.5610426664352417	0.00543496124798759
0.6124632358551025	0.17430462892309145
0.5650357604026794	0.28991482551283204
0.3013330101966858	0.17486196974611729
0.49338504672050476	0.4533120553211356
0.6021067500114441	0.19449246944791632
0.7254839539527893	0.9923722074362228
0.06223287433385849	0.012238481989639184
0.6091465353965759	0.2253924888248701
0.5358350276947021	0.5899710529713751
0.3674924075603485	0.08872969670885962
0.573722779750824	0.9060529520748992
0.5951921939849854	0.3860760093655585
0.6926925182342529	0.0773649967320912
0.6078543066978455	0.8945694446707965
0.6624947786331177	0.5128265414057992
0.6452299952507019	0.943340832377172
0.688157856464386	0.9864939515168768
0.7243458032608032	0.5269541489741846
0.355084627866745	0.005632457604710996
0.8190974593162537	0.9653444873508784
0.6511237025260925	0.010497798625801526
0.8068886995315552	0.8562249397197712
0.5598453283309937	0.7328052721805506
0.1433611661195755	0.041571939729452
0.2768349349498749	0.006059979959068556
0.755545437335968	0.5776920548319511
0.490681529045105	0.06252559412063348
0.30742499232292175	0.5403001933904777
0.4849936366081238	0.13478744624320171
0.5427055358886719	0.24015572149315914
0.7063618302345276	0.26037495640424824
0.5965485572814941	0.4833226178320328
0.5865079760551453	0.2563377786699129
0.5229052305221558	0.30093180535458075
0.6630200743675232	0.9049441361618126
0.5862366557121277	0.9649765409950132
0.5698336362838745	0.9578662350850641
0.5724238157272339	0.5767593543806874
0.3638797700405121	0.3074770670491881
0.4575226306915283	0.7670174898337256
0.6078342199325562	0.2769538970051584
0.5476396679878235	0.4188723855184691
0.6690284013748169	0.6553364042057486
0.35690802335739136	0.5060626862983929
0.7590270638465881	0.2420129036313431
0.5117918848991394	0.2717013247080323
0.5485796332359314	0.9932169068049128
0.4689292013645172	0.08094830665019498
0.5211848616600037	0.4303212153362883
0.5464831590652466	0.8752301551045674
0.5940858125686646	0.8737275366981015
0.5754557251930237	0.18508917373190556
0.4676707088947296	0.5363308668140389
0.5405229926109314	0.8611479728681082
0.7105235457420349	0.9898443889985324
0.6838786005973816	0.5659076483468384
0.6756525635719299	0.3043698854878047
0.6920086145401001	0.6401306078007066
0.9565195441246033	0.3386175332210617
0.6276959180831909	0.6054793468454437
0.45038145780563354	0.14698887516062722
0.5057997703552246	0.3743247030154471
0.5727683901786804	0.6651661847352114
0.41726967692375183	0.02099470366707916
0.44139227271080017	0.7367625114752445
0.4244528114795685	0.1386692081204365
0.6083514094352722	0.9564516458601208
0.6935908198356628	0.8964784638479759
0.5676831007003784	0.030677811137347837
0.556185781955719	0.8280155219542575
0.42499038577079773	0.21926317811911725
0.23354287445545197	0.13577351828171236
0.4666614234447479	0.0017330494981782232
0.5384377837181091	0.048152023522615536
0.49559304118156433	0.27903191657147003
0.5769931077957153	0.2022325432204614
0.3990880846977234	0.16047489675759333
0.5346667766571045	0.9039218039190196
0.6028239727020264	0.10234547210474773
0.661273717880249	0.8690668369279938
0.5199435949325562	0.9201590989329111
0.4081834554672241	0.018475476949800156
0.32337623834609985	0.1497368317072972
0.9269794225692749	0.9562705686273624
0.652008056640625	0.3389327583887953
0.4377236068248749	0.04698766021668506
0.506718099117279	0.9075901266473428
0.43385306000709534	0.14565604647626162
0.51555997133255	0.2643624372394719
0.5718266367912292	0.3533377358469912
0.7017581462860107	0.5165238557785935
0.4394993185997009	0.6637885694314553
0.48419350385665894	0.007977103583626745
0.6076756119728088	0.5435479461975423
0.5912342667579651	0.7376194154032685
0.7983631491661072	0.7780501968318109
0.500474214553833	0.2903611301257245
0.6218478083610535	0.9939208889739152
0.5250958204269409	0.6719018697187239
0.215139701962471	0.31831114514754744
0.6008561849594116	0.3095168762185119
0.6908599734306335	0.9346505917869631
0.2634575068950653	0.07116455169631791
0.7929655909538269	0.9761106359755352
0.6036621928215027	0.9548613644321221
0.3892170190811157	0.029278397233742114
0.5609140396118164	0.3456943830472522
0.6802789568901062	0.9465687433315524
0.6896392703056335	0.059143413178371775
0.46560007333755493	0.005728647251946604
0.5932582020759583	0.7352329234013234
0.6130172610282898	0.9306426887436192
0.5042632818222046	0.38973876227979204
0.5784623026847839	0.7070879074829879
0.3199411928653717	0.03604249437500518
0.7511248588562012	0.06701812397118757
0.49841609597206116	0.7265029834122627
0.35057908296585083	0.2517899482252969
0.47400766611099243	0.018800000693884763
0.8487529754638672	0.7921528876498325
0.7441072463989258	0.7280005812667149
0.4548034965991974	0.06653799204609494
0.5148961544036865	0.0650960064473442
0.5075207948684692	0.03488799228452439
0.5287533402442932	0.6511550207367324
0.7308730483055115	0.2417951368666956
0.43016767501831055	0.10793517180398413
0.5621157884597778	0.9426015169282208
0.6672765612602234	0.4041694964348028
0.5361145734786987	0.10660220667881228
0.6523696184158325	0.490980584785488
0.5494619607925415	0.04556051798852609
0.4453390836715698	0.1178308879971686
0.5545792579650879	0.4219936530072081
0.6658605337142944	0.2072643609591211
0.3683094084262848	0.023566420522069302
0.7253574132919312	0.7143877699865555
0.6823323965072632	0.6351123422978187
0.5541573166847229	0.5581176418092416
0.482128769159317	0.11924873218386607
0.3565864562988281	0.2063920749519348
0.5075243711471558	0.4842449220337634
0.7397807240486145	0.9995612302610944
0.13469219207763672	0.09679118250751263
0.5081993937492371	0.8357529788163233
0.1905544251203537	0.01176285030395013
0.66401606798172	0.95454918888775
0.554212749004364	0.4531287644492473
0.5766804218292236	0.8093326827209992
0.8567878603935242	0.9964949040228316
0.7334899306297302	0.7275856712676143
0.4936843812465668	0.4101710519663212
0.3979933559894562	0.0578079338555136
0.5137490034103394	0.06008521287394841
0.5936578512191772	0.94055160396744
0.3965189754962921	0.5989519605070649
0.49847176671028137	0.9044985873531004
0.5077411532402039	0.436411137003136
0.2518826723098755	0.05548539288385913
0.7689524292945862	0.6416951876212306
0.4140324890613556	0.7819380858057391
0.4883025586605072	0.40258098118384733
0.5605161786079407	0.8531276612649416
0.36233818531036377	0.18389014948725768
0.8958382606506348	0.9733630330431458
0.7849631309509277	0.008517482352041925
0.5832786560058594	0.8317805697968976
0.49732422828674316	0.8769384423074106
0.6647652387619019	0.8986092042125587
0.436683714389801	0.004565519846949625
0.7753390073776245	0.7720683456635269
0.5952303409576416	0.010461268847253694
0.32270336151123047	0.3446802041562957
0.34937167167663574	0.4883201413317661
0.5261630415916443	0.8509802242632036
0.5371664762496948	0.9889596207763336
0.6344608664512634	0.7256986969850487
0.5700334906578064	0.7410207568605737
0.4965765178203583	0.10245311427499773
0.492367148399353	0.4477054995591051
0.48747220635414124	0.6928173187693749
0.44363853335380554	0.6461859185353429
0.4518418610095978	0.40052972584636215
0.31963980197906494	0.8086659345508811
0.7258398532867432	0.9016875438352228
0.5976671576499939	0.91480968772807
0.6468679308891296	0.4032246788869178
0.6271969079971313	0.7720089194156514
0.6303656101226807	0.4770188974786889
0.6939184665679932	0.9225519516056564
0.37339526414871216	0.5669757541690033
0.720700204372406	0.7772524728962864
0.6540156006813049	0.2426296638528133
0.8166815638542175	0.9920047415248924
0.45593729615211487	0.5621197458935977
0.6670472621917725	0.5500224312153935
0.6096585392951965	0.7603532212727311
0.6061087250709534	0.4934822564576964
0.6281693577766418	0.002514397877868917
0.7417012453079224	0.8506240360691142
0.5938848257064819	0.5332981995221836
0.48736414313316345	0.4560721340244349
0.7145073413848877	0.4737704706265036
0.6239534616470337	0.08420155887139814
0.6240199208259583	0.2972625618347876
0.6773033738136292	0.86824123474278
0.8679654002189636	0.8191044874192857
0.6745354533195496	0.9318083740704386
0.5841281414031982	0.042524987667158766
0.34618762135505676	0.19850322980461965
0.5086302161216736	0.9992988284627816
0.40464192628860474	0.000520833685709791
0.40706419944763184	0.3854325602756931
0.712814211845398	0.3694283837160489
0.4415414035320282	0.5892653549382321
0.5989415645599365	0.02832987655456267
0.24298015236854553	0.06721298251337138
0.5057366490364075	0.3296063206532325
0.5497274398803711	0.5231439034543923
0.4805584251880646	0.053960511440826385
0.5703369379043579	0.4211226506591532
0.6302267909049988	0.28402096787503694
0.6616800427436829	0.4592282446949104
0.5702369809150696	0.3439892665996591
0.466098427772522	0.14319216453044933
0.5672617554664612	0.2050363063941107
0.6421612501144409	0.8595652916471299
0.6882418990135193	0.5901797409762647
0.6539593935012817	0.9685484118236554
0.4789993464946747	0.3047067973109365
0.43816331028938293	0.21314009452297908
0.5094949007034302	0.6400735869287975
0.45726126432418823	0.06992055921819194
0.4433932900428772	0.1020650215776051
0.23687632381916046	0.020485509725354702
0.4826148450374603	0.05528902394111123
0.6646497845649719	0.3176137513514508
0.8263236880302429	0.939689896875113
0.6387889981269836	0.7294631112835777
0.5382651686668396	0.540177732796128
0.6966013312339783	0.25887499146039256
0.6005474925041199	0.5118974646640805
0.2707049548625946	0.034060846650132946
0.7829391956329346	0.7129009230011686
0.7515221834182739	0.7262200395367454
0.7675303220748901	0.8732515958900179
0.5915694236755371	0.3130853300094869
0.75839763879776	0.8750777074186202
0.5595037937164307	0.7122801031400581
0.4175170063972473	0.35332613320514344
0.922792911529541	0.9849090609438074
0.42771339416503906	0.09888690102086237
0.5807309150695801	0.02035440375438619
0.6450883746147156	0.9728693483449372
0.5703835487365723	0.4140970567069482
0.614526629447937	0.3643041979823832
0.541519820690155	0.924293308233208
0.5661780834197998	0.2330624280304564
0.3479928970336914	0.11316375529714555
0.7756995558738708	0.9968121003785984
0.8627492189407349	0.9988846923295774
0.6346212029457092	0.2676097762009177
0.4385682940483093	0.1844071199801806
0.5594016909599304	0.3262781385751717
0.6229088306427002	0.6047761693043001
0.644148051738739	0.6056308964067891
0.5820375680923462	0.4905532033183204
0.45918166637420654	0.20483883088880103
0.4983064532279968	0.04448862123342503
0.5657960772514343	0.034106844054406824
0.690669596195221	0.8534426605843674
0.14540375769138336	0.05498004606573585
0.6517409682273865	0.6159363845213568
0.5938218832015991	0.590401279941094
0.8529067039489746	0.7189253754769567
0.5080609321594238	0.6826265723710461
0.45947521924972534	0.1088578497763753
0.7626528739929199	0.32395431625905713
0.8127968907356262	0.7890715913843143
0.5879102945327759	0.5249601770638818
0.6415340900421143	0.6425807460960482
0.4247494041919708	0.8426123219155542
0.6153780817985535	0.574518952420825
0.7076734900474548	0.8972122089514805
0.48171448707580566	0.2612133420362341
0.395835280418396	0.10394991010470553
0.4570668041706085	0.21141892684945687
0.5928524136543274	0.8851869710272815
0.48951485753059387	0.08789274838726717
0.33407190442085266	0.3428840590481981
0.5978299379348755	0.3534753050489788
0.622470498085022	0.9749144050133692
0.7762227058410645	0.6789166200469255
0.5980370044708252	0.6070519022747162
0.5998877286911011	0.9003796976838212
0.16115625202655792	0.18770635353152215
0.5705245137214661	0.5981423761936087
0.6239418983459473	0.5883371378087853
0.6092032790184021	0.7403952587473223
0.823837161064148	0.9339094181085312
0.36098670959472656	0.14141242700087986
0.6353022456169128	0.1631409907362905
0.7966679334640503	0.9921705322501426
0.5476043224334717	0.3551370919751929
0.5772785544395447	0.8637876653852642
0.4963224530220032	0.13609638453268436
0.7137238383293152	0.9654010471933232
0.48363012075424194	0.03237527652460898
0.3579188287258148	0.26667073580946177
0.8520735502243042	0.5898669638429603
0.7080118060112	0.7827255996749143
0.33063358068466187	0.03994382571007128
0.38256633281707764	0.2963033460282325
0.6621561050415039	0.6482872842879599
0.5000296831130981	0.37901799041035056
0.5822752118110657	0.06582164346011156
0.462384968996048	0.8025800105208876
0.6376500725746155	0.7044139613099001
0.3848050832748413	0.5929863368877923
0.9136914610862732	0.9881042185961402
0.5461460947990417	0.7340238907865989
0.490490585565567	0.2648793711826383
0.6986857652664185	0.3526536029757737
0.5871859788894653	0.2761301087536774
0.6699011325836182	0.06085447521964185
0.5592278242111206	0.0027451368658300427
0.8868356347084045	0.996632599635037
0.5670289397239685	0.8747282360356724
0.3305244743824005	0.12659982242963835
0.7206780910491943	0.9656623740786924
0.6475650668144226	0.9660794365246408
0.5712840557098389	0.9780920483558784
0.5516771674156189	0.7027888476405211
0.39566799998283386	0.20463441841019447
0.6434261798858643	0.3843375950996926
0.6204780340194702	0.8930294237187981
0.26587700843811035	0.5551304368730323
0.4283633232116699	0.4265063836054766
0.5874606370925903	0.8732460023264715
0.5079535841941833	0.8082154742443162
0.12799851596355438	0.027407657713533
0.6812688708305359	0.9313805826244904
0.5567014217376709	0.7465553894880697
0.5197526812553406	0.5273960334257348
0.5040475130081177	0.20309197857022646
0.377437949180603	0.2476389969368484
0.5760316252708435	0.6997354613413589
0.5168816447257996	0.5924228365738525
0.534817099571228	0.5551907628432877
0.5578238368034363	0.4649301569133532
0.6012037992477417	0.9713442985105284
0.5593692660331726	0.9576789188284626
0.2683030366897583	0.04091275331938354
0.5642202496528625	0.9729236872963168
0.5212603211402893	0.2237626782750308
0.4400300979614258	0.11134268252841144
0.5342558026313782	0.167691441892906
0.7130237817764282	0.6689352807964236
0.48919183015823364	0.06309360780050648
0.4302336573600769	0.8460804860388228
0.3172447383403778	0.015532948760273084
0.6252826452255249	0.9433581907386484
0.6921009421348572	0.5150093475818139
0.4030865430831909	0.4166554587233046
0.574458122253418	0.2577697319789357
0.42162057757377625	0.8628552209807492
0.5392418503761292	0.5982216420047691
0.5663758516311646	0.7734531630917322
0.8362157344818115	0.999926723085642
0.519148051738739	0.4455593536256141
0.38357582688331604	0.4507998082069969
0.5223829746246338	0.5701790933045866
0.6039736270904541	0.8800545983643924
0.4543466567993164	0.8043736379237012
0.543647825717926	0.8325237890110487
0.31881481409072876	0.2679586619467564
0.5466877222061157	0.4349386570801591
0.5051330327987671	0.10307599010582676
0.584612250328064	0.7243550110629404
0.6517536044120789	0.7430325563660111
0.34076693654060364	0.057777311143365935
0.9172815680503845	0.9963977188538516
0.36440083384513855	0.6467046268171959
0.3908151090145111	0.8182954897618798
0.6047950983047485	0.9930214168670736
0.16246497631072998	0.008293459524250677
0.48396578431129456	0.292297640777159
0.6587599515914917	0.5989199059548681
0.8758724927902222	0.9777024552568356
0.8635764718055725	0.9838594612418644
0.4200237989425659	0.03579615076822755
0.37020155787467957	0.6460141827692304
0.5789093971252441	0.06810477781989281
0.5464202165603638	0.35449278231286696
0.5388964414596558	0.10720436592601633
0.4893617033958435	0.3874283542260602
0.6284175515174866	0.20960093403170185
0.4788414537906647	0.11328789622734173
0.6488450169563293	0.2437407667939821
0.8259186744689941	0.9374197104711104
0.6113569736480713	0.02582023600239711
0.7802154421806335	0.8670057872938272
0.336946576833725	0.08228582203991165
0.812526285648346	0.9938772478208232
0.5130392909049988	0.9765043322949843
0.7318565249443054	0.6008946871643545
0.2831445634365082	0.08644226474947175
0.4555533230304718	0.05709327097429572
0.40310201048851013	0.2253257578184884
0.6296609044075012	0.9097928418911754
0.3865925073623657	0.861225669727499
0.7303537726402283	0.9400377231394964
0.6277111172676086	0.8524373587709133
0.7057844400405884	0.9103478592637404
0.5016266703605652	0.10932177701276376
0.5354384183883667	0.42446134159905385
0.3714871108531952	0.7911035065840903
0.3602621853351593	0.050938180581956746
0.5563104748725891	0.16206090894281994
0.45217591524124146	0.16681511599711182
0.5525980591773987	0.9462470855714259
0.4564748704433441	0.3349387074853797
0.37432971596717834	0.1391701792954904
0.9098069071769714	0.9964891027121922
0.5283644795417786	0.9804534646417216
0.4548064172267914	0.0341573872298907
0.5964482426643372	0.03105947181479955
0.6595998406410217	0.6461863545644
0.3699347674846649	0.4651612587964285
0.5570103526115417	0.986224210703076
0.5680496096611023	0.28589987101444553
0.34240248799324036	0.09927989586142212
0.4438631534576416	0.4739334522914954
0.38063862919807434	0.018175963187884447
0.6586035490036011	0.9355461350440905
0.40409132838249207	0.5145490374715914
0.402770072221756	0.03243152768861604
0.6668007969856262	0.6201372654323881
0.47689443826675415	0.943809741183392
0.5817371010780334	0.10182770142006507
0.7725915908813477	0.6734838574346335
0.6633543372154236	0.6079359474979618
0.6118163466453552	0.5541778475132042
0.5411876440048218	0.8097821746551626
0.3126699924468994	0.7910119646013081
0.2953924238681793	0.057050879768551825
0.7005174160003662	0.9265396748793092
0.7321403622627258	0.9909839416505568
0.5600859522819519	0.035412667775214145
0.5043972134590149	0.4140351832011459
0.642235517501831	0.7862559278456737
0.6070075035095215	0.3556509560046678
0.42811280488967896	0.7235805125110246
0.3351404666900635	0.13118422765364507
0.7068305611610413	0.25766928987941995
0.7051200270652771	0.5842612058926874
0.5422773361206055	0.5940244186607838
0.6987401843070984	0.9997904326512884
0.7259998321533203	0.9482597344698914
0.7429465651512146	0.2513393754202205
0.4704219102859497	0.222841791206389
0.6294648051261902	0.7522121028825951
0.5378726124763489	0.7946737386936868
0.6487553119659424	0.6181974834868806
0.6483946442604065	0.6241116701241729
0.915252685546875	0.9998495855124006
0.5005766153335571	0.569876536694697
0.3811212480068207	0.4269059432814482
0.6129888892173767	0.2664114130128851
0.8428595662117004	0.5640517626009129
0.6090744137763977	0.3385964617138235
0.9690185785293579	0.9848062152416432
0.460189551115036	0.952185463896998
0.2843712270259857	0.15694380311905462
0.6872199177742004	0.984784354202376
0.5405279397964478	0.9831029737323649
0.7585268020629883	0.9208792552128204
0.5340808033943176	0.703093965049127
0.4257389307022095	0.5500737212226918
0.5586026906967163	0.4051982793885091
0.7992777228355408	0.7010008526544089
0.5337958335876465	0.0636456923031955
0.6896595358848572	0.7907788720154673
0.6612176895141602	0.11985404822319105
0.3582115173339844	0.8068816226567249
0.5266300439834595	0.37808361850307787
0.41599684953689575	0.3167411434204763
0.6811003088951111	0.4872867142171717
0.3152775764465332	0.13364940913923656
0.5051639676094055	0.7150299880327524
0.48696187138557434	0.19629479950909967
0.8572870492935181	0.4829323275058694
0.5304773449897766	0.19179032165149487
0.8914114236831665	0.8805636072906835
0.6470535397529602	0.9748412421976392
0.5445591807365417	0.017235180295766178
0.6650366187095642	0.10552617064575603
0.8077546954154968	0.8730933070963199
0.6034243106842041	0.3188805076204228
0.7784852385520935	0.2858412924938072
0.6939729452133179	0.02726589011399094
0.5633649826049805	0.939476574872507
0.4003649652004242	0.8260803294170057
0.6656462550163269	0.8325946270760067
0.4841819107532501	0.8764010794678194
0.6026433110237122	0.25137873491544555
0.6259516477584839	0.6236830637773674
0.5039726495742798	0.8727544826126892
0.30882102251052856	0.03245767588627232
0.6282495856285095	0.6571453733836228
0.5315293073654175	0.13635778643270305
0.7459346652030945	0.9832615908912588
0.6931080222129822	0.7658548406641792
0.8590928912162781	0.9879097105133297
0.4595180153846741	0.3825727919055045
0.44771572947502136	0.1412869378347808
0.6199740767478943	0.047117383680822335
0.4288301169872284	0.7771394839132839
0.9055832624435425	0.9919691343243592
0.6828586459159851	0.2967672903264841
0.8235765099525452	0.947828922729012
0.7898930907249451	0.537317848126666
0.5607127547264099	0.6861583875597969
0.5307793021202087	0.17827347246295525
0.183649480342865	0.017165305599821497
0.4954756200313568	0.8105675792273421
0.5125619173049927	0.8518725204311035
0.6645175218582153	0.7390262206182742
0.4690650403499603	0.08754915771158918
0.7266994714736938	0.9233607602956724
0.5623036026954651	0.08615882598300845
0.46456587314605713	0.293343609827894
0.49730899930000305	0.3784071162076571
0.4476794898509979	0.6300108731732932
0.6549535989761353	0.07559892500800948
0.7384724617004395	0.19482410091565144
0.700984537601471	0.8387571674367923
0.48622840642929077	0.2784957659547198
0.7851063013076782	0.89679296631964
0.7287403345108032	0.6763210834587677
0.46587470173835754	0.5328730458796352
0.526803731918335	0.6304605175664927
0.2846872806549072	0.007710111318575181
0.33202505111694336	0.6416746104484632
0.638336718082428	0.6269704924175388
0.6313416957855225	0.6545822906331387
0.752113401889801	0.733685192000723
0.522640585899353	0.3204977773390564
1.0778111219406128	0.9598943839324936
0.6825994253158569	0.22815177027034375
0.4808288812637329	0.4817015750750716
0.3449398875236511	0.09530790408145627
0.4136642813682556	0.7481968626792388
0.46305710077285767	0.7140369779065568
0.4003342092037201	0.12028388280450825
0.5089089274406433	0.5165763081559325
0.49450281262397766	0.3675705757465742
0.5887585282325745	0.3147655325261978
0.7491025328636169	0.9985223942303532
0.5362716913223267	0.13519234365481952
0.9035201072692871	0.9825301787284828
0.4022919237613678	0.07921860400163101
0.28963467478752136	0.2098983055016926
0.6430506110191345	0.9775535153802368
0.3839670419692993	0.022980228465694967
0.6196586489677429	0.10345112504452272
0.5579820275306702	0.09218353685942532
0.5501524806022644	0.9843344720113156
0.1333644837141037	0.1148928528358542
0.3374410569667816	0.008202844962164741
0.4422268271446228	0.9947963062358895
0.6706944704055786	0.28340985061459945
0.6817919611930847	0.6362250344986855
0.5472415685653687	0.13745556525964742
0.5234950184822083	0.3965404535061395
0.2091917246580124	0.12602386344961508
0.7284125089645386	0.6380248076389807
0.7451249957084656	0.9689157381961648
0.2248343527317047	0.09468301255011123
0.4862191379070282	0.8958758999361558
0.514345645904541	0.06357418431655393
0.5399802327156067	0.06454171479681922
0.3748306930065155	0.8547205693790837
0.6232017874717712	0.14725458635940392
0.6059907674789429	0.8484953385551555
0.5776727795600891	0.6972572336436296
0.4752548038959503	0.8638937106116034
0.6806197762489319	0.07688391001101189
0.22148677706718445	0.005205442152089211
0.5576887726783752	0.9581269713015764
0.4023517072200775	0.014332101770540718
0.6406007409095764	0.8415486927310685
0.5129433870315552	0.8295008638817583
0.4558839797973633	0.03562496339995467
0.5371660590171814	0.1773957792804594
0.641268789768219	0.11258393100363913
0.7011034488677979	0.9615636651071191
0.5167878270149231	0.43832300549196784
0.5404618382453918	0.9612934184367776
0.586260199546814	0.0372425017032386
0.49828460812568665	0.2881178593134092
0.5650582313537598	0.8639517578569744
0.6087503433227539	0.28677219865859144
0.4293159246444702	0.3426411015448305
0.5871239304542542	0.10755851038149536
0.8495089411735535	0.6080441925982757
0.4708647131919861	0.9824811659652704
0.2863905727863312	0.5625202129776216
0.3716384470462799	0.7371991833934806
0.7303137183189392	0.9985263851108184
0.5137872695922852	0.7259224513267274
0.4458547532558441	0.3692429409277097
0.3626662492752075	0.1140974164641652
0.6315088272094727	0.9809020753053204
0.6561867594718933	0.7941191366337202
0.48470571637153625	0.6152065071073215
0.5255599617958069	0.3412388315164936
0.6355776190757751	0.21918330290309596
0.7408480048179626	0.9932094727065164
0.6289570331573486	0.3378809419569015
0.4210103750228882	0.488926027664842
0.4766477942466736	0.2363971644014965
0.619890570640564	0.4491495345732788
0.5170566439628601	0.13323795331844346
0.5058403611183167	0.702970760610892
0.3346007168292999	0.06450469100207898
0.5630564093589783	0.44081642406037536
0.7525185942649841	0.6074849713475027
0.7257258892059326	0.4048315743294882
0.6061161756515503	0.9590310628074258
0.5281175971031189	0.7064389462274692
0.5811722278594971	0.32157350508187754
0.5465342998504639	0.9697840680809334
0.34723034501075745	0.011822570030096385
0.814457893371582	0.7412816911118144
0.37596800923347473	0.2901797046406396
0.714292049407959	0.8827143692647897
0.5181720852851868	0.6998604714567868
0.5921593904495239	0.7480719920975548
0.6489105224609375	0.8249003598133273
0.7364852428436279	0.9874330870213012
0.46181538701057434	0.7209588666889507
0.6538892984390259	0.3298249697023474
0.776268720626831	0.9783419470929129
0.5705270171165466	0.4403244467478181
0.5814694762229919	0.8357994629344143
0.4691624343395233	0.3294514153135413
0.6926174759864807	0.008396263031601592
0.6755290627479553	0.5438002447979932
0.32458823919296265	0.17685427804787154
0.5588658452033997	0.4640019670856705
0.7976405620574951	0.8153906510825262
0.6334651112556458	0.3141672737173053
0.7424444556236267	0.564020117392929
0.28304803371429443	0.0018650993000659398
0.5231655240058899	0.08586805185027349
0.6932521462440491	0.687756591418588
0.8110286593437195	0.2343985933141383
0.7309940457344055	0.4246424731376892
0.43946802616119385	0.8998405556226923
0.7141610383987427	0.4432782372145447
0.46675264835357666	0.7498498732992719
0.5262944102287292	0.3257544148567273
0.5844628214836121	0.7574568638196653
0.7178751826286316	0.8200217889271126
0.527524471282959	0.8601951128741206
0.5806338787078857	0.0974133627387464
0.43155941367149353	0.7100474673504196
0.4147781729698181	0.2454083406838829
0.7407734990119934	0.9039547085004708
0.5945047736167908	0.9036036243300848
0.5244349241256714	0.9612889796961742
0.5020474195480347	0.6331768512047464
0.28207847476005554	0.08732169041197935
0.5444098711013794	0.8549252473750781
0.8323387503623962	0.92768693811988
0.5960307717323303	0.3652956672916776
0.6013947129249573	0.016221142601694768
0.6454023718833923	0.14244717526351394
0.6071666479110718	0.06786218156809792
0.4462670385837555	0.6994655944228835
0.44686898589134216	0.3376358819834226
0.5622007846832275	0.35896855561566104
0.37981805205345154	0.0004521096367849986
0.6093886494636536	0.06310549113351714
0.39596593379974365	0.17614622118864118
0.6204251646995544	0.2958646750030048
0.5227580070495605	0.43602765427994455
0.5101537108421326	0.5009048335261239
0.4079403579235077	0.9830647425719556
0.490837037563324	0.7479548179052199
0.49162858724594116	0.04233370904111762
0.6888836026191711	0.5327331636324422
0.842671811580658	0.9959831141283207
0.5040351748466492	0.6759351591801354
0.6126753687858582	0.0002606172856033233
0.6191996932029724	0.3551715287750444
0.7222813367843628	0.02044694034699312
0.9045285582542419	0.6750860065747782
0.4534788727760315	0.3122076286337121
0.45463827252388	0.4078789797566901
0.43986326456069946	0.4326830079778277
0.672641932964325	0.09192982228696528
0.7517518997192383	0.9105288023300224
0.9253795146942139	0.9490062903800376
0.5886362791061401	0.4548932245277495
0.6102698445320129	0.9195640734874831
0.5467106699943542	0.003656929491921055
0.7113569378852844	0.9463687473625496
0.5369959473609924	0.2740665213948077
0.664590060710907	0.9484022344725972
0.4835183024406433	0.4877423585864907
0.20365701615810394	0.010853434829224415
0.32713210582733154	0.07051685416613941
0.5434705018997192	0.4185097083010685
0.5214868783950806	0.08013933980220814
0.5479082465171814	0.3631065835108643
0.3904755711555481	0.6149213150131732
0.3630644977092743	0.18580018498247786
0.48063939809799194	0.018731137906126755
0.601292610168457	0.5216324872726037
0.4629191756248474	0.2927800637100766
0.9395669102668762	0.9677343210447601
0.4298361539840698	0.6555982068100397
0.43909749388694763	0.2830003972908941
0.6874200701713562	0.8716991026752365
0.7075067758560181	0.9897193878531092
0.5886914730072021	0.6246823431771417
0.470773845911026	0.4045763224936362
0.4982047379016876	0.7977104200044152
0.7953916192054749	0.6082135666080585
0.9326087236404419	0.9455298169815004
0.6050234436988831	0.8007950325288229
0.5775662660598755	0.7578846306202616
0.5968260765075684	0.052709903775449804
0.4913080632686615	0.19007579567622987
0.7348179817199707	0.875082046130542
0.57041335105896	0.7405778569329559
0.7506685256958008	0.8239184277244509
0.7127457857131958	0.14723540800622856
0.5379730463027954	0.7766880927913866
0.5147569179534912	0.18156150625022954
0.6754329204559326	0.28863646983222097
0.5675989389419556	0.446750582186628
0.7136977910995483	0.6467538239198743
0.5709177255630493	0.9182572209843372
0.6037853360176086	0.5619777775684694
0.5510343313217163	0.9420588633219888
0.5205717086791992	0.6635369470368627
0.5335408449172974	0.7889329675786869
0.5427908897399902	0.5060831856809778
0.5260341763496399	0.4578039342209066
0.530217170715332	0.22679933722191115
0.3852919340133667	0.1568135702062583
0.589065432548523	0.11373379405657462
0.7920742034912109	0.955266359166732
0.5558560490608215	0.6820967572109344
0.495875746011734	0.7896990391467124
0.5154013633728027	0.9643963787245264
0.5590432286262512	0.27880065828587536
0.7006121277809143	0.2415603227042065
0.448528528213501	0.07008994409087096
0.577498197555542	0.8893171538191642
0.6977484226226807	0.05956401900456008
0.5952765345573425	0.995892077470851
0.658349871635437	0.926590147731364
0.3536115288734436	0.2089379446294272
0.7526212930679321	0.9749212158081272
0.6300392150878906	0.8508443165445095
0.6235445737838745	0.12763775568179456
0.3378725051879883	0.10588735085889713
0.5629064440727234	0.3713852420408469
0.9074742794036865	0.8473308826559176
0.7629221081733704	0.9717338457728364
0.572133481502533	0.9510043051130288
0.4469766616821289	0.7479469637069907
0.6100477576255798	0.3243909033460571
0.7302246689796448	0.9607627152028912
0.5384543538093567	0.7909123942034408
0.5157864689826965	0.010899852909882842
0.7169455289840698	0.5919364177150725
0.585564136505127	0.40120250753497533
0.648629367351532	0.0052339809728811325
0.8488571643829346	0.6768347135315823
0.5585551857948303	0.6119663162973705
0.5827356576919556	0.3121706956808797
0.7554851770401001	0.9038373209034832
0.8165891766548157	0.9817694889750156
0.4893428385257721	0.16983516957745665
0.59034264087677	0.2196988912608888
0.8539391756057739	0.6807221848954537
0.5835607647895813	0.05667649922441088
0.6660044193267822	0.9094010331735566
0.4258124530315399	0.26598419946693314
0.4748358726501465	0.1852391039494928
0.5189297199249268	0.8524798986491692
0.7427005767822266	0.3494548671713345
0.5384756922721863	0.7393777814740753
0.6660218834877014	0.9590546525855196
0.7343948483467102	0.7114807041629966
0.45276781916618347	0.024335589100795144
0.576694667339325	0.5081894571187635
0.3724256753921509	0.6756696777294866
0.6411221623420715	0.8592176262233883
0.2564864754676819	0.03899363750246666
0.5960983037948608	0.11774038642581565
0.31419187784194946	0.09049692306967116
0.6147766709327698	0.3612335440573608
0.6052466630935669	0.8406449858638774
0.6981990337371826	0.7170342973933571
0.5027846097946167	0.31656056643736197
0.5351889729499817	0.3137320678156237
0.2940714955329895	0.15809542402184878
0.5134735107421875	0.7282073357940818
0.4197310507297516	0.0142109773977951
0.6535053253173828	0.8551545819083249
0.5057122707366943	0.8391122893833926
0.34913262724876404	0.01814232825505161
0.6354179382324219	0.8778608114212416
0.4384707808494568	0.4504577959953505
0.5974939465522766	0.20013628789247906
0.7139613628387451	0.9187097465134269
0.5945050716400146	0.9038272351250908
0.7294147610664368	0.8322405328427142
0.6124656796455383	0.4585897032780354
0.5743257403373718	0.8794154157750094
0.4804612398147583	0.5131243954467029
0.693836510181427	0.8187340274791854
0.4479305148124695	0.1304159502316645
0.7168834805488586	0.8327361150218069
0.46850621700286865	0.5171895864021245
0.5005426406860352	0.20575269795868525
0.2662222385406494	0.02068451934771521
0.6992430090904236	0.7087050046505362
0.559037983417511	0.3939664018809991
0.5321289300918579	0.5650391072284491
0.3655056059360504	0.1304700441500927
0.7033968567848206	0.7888351116814969
0.48601070046424866	0.8840677705544445
0.6390416026115417	0.10124424231504006
0.6254491806030273	0.5929778337119973
0.4561329185962677	0.5430906237105134
0.8014135956764221	0.6880451349853224
0.6410791277885437	0.6519353603270533
0.7161681652069092	0.7356061663275527
0.6786317825317383	0.5856032648040561
0.2549826204776764	0.0599069353875204
0.5540494918823242	0.9239123950573536
0.7091531157493591	0.6027312734468379
0.4610442817211151	0.16942723607623733
0.5885629057884216	0.17096347012478622
0.6079616546630859	0.5203664237729506
0.742316484451294	0.9884450792186305
0.582856297492981	0.8925919269440065
0.015454836189746857	0.20099504790548586
0.5836190581321716	0.3430305941023413
0.5531884431838989	0.8052233752141157
0.7906877398490906	0.9352139362543856
0.4594718813896179	0.4466364252470528
0.7786110639572144	0.9566889495822088
0.7901018261909485	0.4921469769403711
0.5127824544906616	0.14377739855094512
0.39760398864746094	0.9217449385642766
0.5022468566894531	0.6680133068016979
0.3085610568523407	0.16972311270621185
0.5732876062393188	0.5846779208150222
0.6145716905593872	0.98349468458285
0.6331519484519958	0.6527610582287027
0.43589118123054504	0.7729227120890874
0.6113283038139343	0.975585137522368
0.60088711977005	0.7356490490620359
0.5895605683326721	0.21748683685281472
0.4832414984703064	0.9398196026829216
0.7406286001205444	0.8188189692771295
0.3229270279407501	0.3302306706041077
0.5657914876937866	0.023352141982232386
0.6191158294677734	0.21190016974900472
0.780319333076477	0.4517633909084709
0.573218047618866	0.6362416524936055
0.3203667104244232	0.11429463660295155
0.44171661138534546	0.3305919341032956
0.7400976419448853	0.9597856507202462
0.5148481130599976	0.07446482933060483
0.45594921708106995	0.7646259017413627
0.2541305720806122	0.9897266730120704
0.6357188820838928	0.5400789759631555
0.5349795818328857	0.8534788837259074
0.41251906752586365	0.6520254781705525
0.6033444404602051	0.5965352735129598
0.6711799502372742	0.8232877408436164
0.4285065829753876	0.852398238089494
0.5817291736602783	0.411567786103836
0.7803196310997009	0.9573566207444836
0.6159219145774841	0.4073621090540005
0.6874314546585083	0.4211099114437935
0.31719207763671875	0.02604399640678173
0.39359644055366516	0.012369883227523968
0.7281076908111572	0.8208556254965339
0.5180190801620483	0.26526771552628364
0.3351708948612213	0.2737176203202507
0.6377188563346863	0.045591711788560765
0.432031512260437	0.7951579304046879
0.9409821033477783	0.9748002754274144
0.6439391374588013	0.8723098651852789
0.6735656261444092	0.4645523901093767
0.5467785000801086	0.3405594720793955
0.6816679835319519	0.9292129100852476
0.48317447304725647	0.3015067456722429
0.4858839213848114	0.983398028710471
0.5161014795303345	0.6111183938251762
0.4147133529186249	0.3204635794937013
0.468339741230011	0.39043485545907375
0.5910828709602356	0.0647150866922328
0.2252219021320343	0.5602271804803822
0.1885240525007248	0.04496600565527233
0.49376192688941956	0.6425016240716217
0.7054387331008911	0.3016578515501573
0.43434858322143555	0.025437252810640017
0.5454124808311462	0.9830923404495459
0.5696170330047607	0.2344499692543797
0.5690984725952148	0.9114351247933083
0.4320918321609497	0.6557132638218742
0.35784798860549927	0.0630818470975417
0.5439765453338623	0.3903640614452304
0.7532658576965332	0.8925529379504358
0.523425281047821	0.07503773944952619
0.6924534440040588	0.5956561292656807
0.5187084674835205	0.788413744819364
0.3864268362522125	0.5303393296383995
0.2837550640106201	0.7843786543566593
0.2704838812351227	0.035977816188661964
0.537950336933136	0.2435199868522345
0.9007612466812134	0.9411418962849926
0.6275888681411743	0.6879278123456629
0.7842106819152832	0.7468063639552979
0.5862143635749817	0.9961024585013356
0.5649934411048889	0.09130981987266447
0.6711453199386597	0.8011013279270893
0.5246570110321045	0.21612003812719344
0.5681554675102234	0.7438258191519538
0.5089054107666016	0.2271714959973885
0.3796960711479187	0.2636382440307556
0.5469693541526794	0.6052552626872435
0.5368929505348206	0.1980712096863565
0.19475938379764557	0.01775373067404213
0.641118586063385	0.2095287437487745
0.7673530578613281	0.6178406697724101
0.4023071825504303	0.33624007287217944
0.6036494374275208	0.9561577257175384
0.8005614280700684	0.9936272697820632
0.39242419600486755	0.060110936989358064
0.6768116354942322	0.24178376470767565
0.6400353908538818	0.4700418714755979
0.7217963933944702	0.680630259412133
0.7063682675361633	0.9842682751223354
0.6672910451889038	0.6444365444129281
0.6260808110237122	0.4256975878979449
0.5368092656135559	0.9486919461482805
0.7231051325798035	0.9109417818168845
0.39701518416404724	0.2312693480003823
0.49551644921302795	0.0621437537002808
0.3021489083766937	0.6170260449122429
0.7148362398147583	0.9005787934969737
0.8134549260139465	0.9752774842603448
0.30902042984962463	0.4005119055732009
0.8415089249610901	0.3285282216537526
0.607929527759552	0.7740818371792564
0.5576193928718567	0.13902835177132092
0.6141688823699951	0.5333080156059985
0.6520304083824158	0.5422675255279097
1.0278209447860718	0.9913524706435054
0.5221603512763977	0.025622971415589026
0.6127426028251648	0.6069947322494531
0.2928869426250458	0.04483098362471544
0.6456411480903625	0.7811214349909769
0.43389618396759033	0.927836627448446
0.8387737274169922	0.7376841738467401
0.5925157070159912	0.12581520742998312
0.6258581280708313	0.8012170684511157
0.6631306409835815	0.9776652935439272
0.3047233819961548	0.024021305137399383
0.541914165019989	0.9531032571469222
0.5148612856864929	0.18840138162537814
0.5295253396034241	0.986818966516172
0.46092870831489563	0.3155529214938991
0.6740559339523315	0.4094382124799502
0.538625180721283	0.02851554403335804
0.35212206840515137	0.3124879216850279
0.5820410847663879	0.18522179565162888
0.6531404256820679	0.6064456380478276
0.47136643528938293	0.0839470994664016
0.813759446144104	0.6256378628798833
0.40057092905044556	0.5782719931242136
0.7713626027107239	0.8420820603806008
0.38014617562294006	0.5698159056532993
0.9184069633483887	0.4413863766060235
0.397234708070755	0.16943148039845465
0.8216424584388733	0.9502816872036732
0.510869026184082	0.9089851558830788
0.8156495094299316	0.8815725898564065
0.5731258988380432	0.9431563213822819
0.47483688592910767	0.024360403673360703
0.5400136113166809	0.3750948983044689
0.5016946792602539	0.4538915944707351
0.7935909032821655	0.7451482401010541
0.591256856918335	0.9073495379550024
0.46885553002357483	0.3692213352740997
0.5600148439407349	0.8237291276486065
0.8647616505622864	0.9310108682425874
0.6486683487892151	0.778656798257103
0.5104546546936035	0.5302172830039324
0.6102997660636902	0.7612637993827542
0.7493364810943604	0.9904463812872796
0.476957231760025	0.31625627832150743
0.5892741084098816	0.8768375088303441
0.6895908713340759	0.4073944754280172
0.5204156041145325	0.18647232619906084
0.6158199906349182	0.05783858159074212
0.7021719813346863	0.8062434456287181
0.33565303683280945	0.035422728830726925
0.6724770069122314	0.4618945620332744
0.3991519808769226	0.6383156878884172
0.3796175718307495	0.27817103980043617
0.552196741104126	0.7186875073260255
0.5383855104446411	0.7367132646124408
0.44460877776145935	0.2790064122570549
0.5932918190956116	0.7391258584740704
0.4712540805339813	0.996201856473923
0.6363574266433716	0.5873830185423264
0.5788007974624634	0.9460205730207548
0.5486855506896973	0.26329004414931073
0.4297316372394562	0.21462850028945246
0.5575523972511292	0.35538347048082225
0.8521700501441956	0.8823669461441418
0.5620337724685669	0.6501714980317255
0.6920000910758972	0.358336034991873
0.7765796780586243	0.8124641463065587
0.5677682757377625	0.07148152183534842
0.5330298542976379	0.1268966641203234
0.7335370182991028	0.7202841752090704
0.7810853123664856	0.9745192743679982
0.6100528240203857	0.7947490266471008
0.9626907706260681	0.8676007324914863
0.668009877204895	0.9890239747796306
0.8435905575752258	0.984055092842915
0.05344211310148239	4.422960368031987e-05
0.5315918922424316	0.010762465297988105
0.2988698184490204	0.2251565625935161
0.8318047523498535	0.8742438136188657
0.6664979457855225	0.9900022548318096
0.4994339644908905	0.34337544205514914
0.6361889839172363	0.9867473813331636
0.33186838030815125	0.013834490262400669
0.3096073567867279	0.13986586939554055
0.722240149974823	0.6944062036871042
0.5763099193572998	0.06267773110590782
0.5509068369865417	0.7612407981911704
0.5702477693557739	0.5041863818067446
0.5310607552528381	0.003704929723184217
0.4756491780281067	0.8729880986543066
0.5838537216186523	0.9406529318739558
0.5520867109298706	0.33102931156029197
0.8042389750480652	0.3659887529555601
0.34265998005867004	0.2829785083839255
0.19828112423419952	0.03515081465363487
0.5824298858642578	0.8391487829575759
0.927833616733551	0.7818335600565305
0.6833807826042175	0.5576182203932838
0.33629149198532104	0.10888572923626562
0.46600842475891113	0.3612020350602792
0.8251985907554626	0.5680574438162677
0.45441287755966187	0.4315191779626078
0.593245804309845	0.7236818893597212
0.543208658695221	0.1517639184702967
0.18239352107048035	0.21131398059255
0.5389045476913452	0.9094456517838848
0.3769117295742035	0.2264091232660701
0.5746155381202698	0.6374699057790743
0.5944570899009705	0.08411120582140963
0.6154049634933472	0.4622300527076021
0.5918775200843811	0.8329805272602673
0.29638198018074036	0.3386938082911869
0.966360330581665	0.9961371923160036
0.45316463708877563	0.5159230138131362
0.470049113035202	0.16595551223186938
0.6807665824890137	0.7740408443460708
0.4993525743484497	0.16072926329856427
0.4472716152667999	0.0038175245572299116
0.3947521150112152	0.16021704114488702
0.37813228368759155	0.5568562316637314
0.5685482621192932	0.4020930317767573
0.9372323155403137	0.9991357319216754
0.801245927810669	0.7603395466086814
0.35242682695388794	0.6436432858502785
0.5214245915412903	0.05006581800615687
0.5653725266456604	0.039619020691167815
0.6431339383125305	0.16034021875710314
0.4909747838973999	0.2667762461260906
0.5831044316291809	0.8653691939958995
0.38739943504333496	0.03436201477958873
0.6377087235450745	0.2547903262952149
0.39140212535858154	0.8971679106727684
0.6599594950675964	0.6154118552353339
0.7957098484039307	0.986999341249781
0.6774736642837524	0.7010748639518539
0.39405909180641174	0.2381956637687752
0.593056857585907	0.5149233819782376
0.5732525587081909	0.8415296097777827
0.7476892471313477	0.8728550685755314
0.5191531777381897	0.4546933745252971
0.6933081150054932	0.819606622750048
0.6319137215614319	0.8155519888124089
0.638385534286499	0.4177609186248074
0.44030192494392395	0.15865433360901862
0.7987009286880493	0.954973704864066
0.5733627676963806	0.3512802289919545
0.3105512261390686	0.47151006703827
0.5421115756034851	0.7691080594083917
0.2301923930644989	0.01279337704023301
0.8099431395530701	0.997236404618475
0.8238632082939148	0.935965648741956
0.6625800728797913	0.5420692895913464
0.3805817663669586	0.9872446300264319
0.5781484842300415	0.7502719880605448
0.5166319012641907	0.8440697371642703
0.43149104714393616	0.09584688259526483
0.8530170321464539	0.9972386183736373
0.6708351969718933	0.8883590624815265
0.485713928937912	0.8459263263190552
0.6923752427101135	0.9972386252781346
0.8360903263092041	0.5505599024682367
0.7447457313537598	0.0972733477619356
0.6079860329627991	0.9486757896063106
0.7063415050506592	0.6921418260687895
0.48534294962882996	0.17705746071552775
0.5727403163909912	0.3958889447173879
0.008380692452192307	0.09437922137098358
0.4768877625465393	0.8409872090792153
0.6334853768348694	0.13669530014225728
0.4645701050758362	0.9833333227575308
0.4775807559490204	0.9416903381365491
0.5774112343788147	0.9774720223838724
0.4966941177845001	0.2787531631135369
0.5187364816665649	0.9272426612779932
0.4758680462837219	0.008142311732784237
0.6228546500205994	0.3761989054218257
0.6309115886688232	0.2253980044670688
0.520140528678894	0.11405446219130702
0.503810465335846	0.5937171762905312
0.6056731939315796	0.459500113228162
0.407903254032135	0.3748441927392182
0.2865659296512604	0.34157254406434834
0.36914801597595215	0.2413116106941277
0.5041690468788147	0.0375739990125022
0.8037940263748169	0.9992256675468792
0.6940107345581055	0.9657466437231564
0.34754231572151184	0.10670147001738407
0.29058900475502014	0.005499814133387621
0.49845626950263977	0.032928055559762345
